neuron_id,super_class,class,cell_type,side,nt_type,nt_score,x,y,z
720575940602483424,visual_projection,,LC31b,left,ACH,0.82,388.7,242.6,184.8
720575940603452384,visual_projection,,LC16,left,ACH,0.57,387.0,275.9,160.9
720575940603637438,visual_projection,,LC4,right,ACH,0.67,672.8,289.1,125.2
720575940603804350,central,,PLP018,right,GABA,0.75,655.0,314.4,73.9
720575940603817900,visual_projection,,LPLC1,right,ACH,0.69,677.9,223.5,176.8
720575940603825120,central,,PVLP008,left,GLUT,0.76,385.9,127.7,109.3
720575940603942828,central,,PVLP112a,right,GABA,0.86,671.5,211.8,181.0
720575940603989420,visual_projection,,LPLC2,left,ACH,0.5,346.7,179.7,194.2
720575940604016608,visual_projection,,LPLC1,right,ACH,0.7,705.8,207.6,171.3
720575940604088288,central,,AVLP016,right,GLUT,0.46,716.9,167.2,117.4
720575940604165856,central,,VES007,left,ACH,0.84,472.6,214.0,124.6
720575940604285356,central,,CB3513b,right,GABA,0.68,629.0,237.7,131.5
720575940604337696,visual_projection,,LC16,left,ACH,0.51,377.2,290.9,145.9
720575940604470240,central,,CB0626,right,GABA,0.85,551.2,284.9,116.9
720575940604609056,visual_projection,,LPLC4,right,ACH,0.76,700.7,189.1,176.6
720575940604624998,central,,PVLP113,right,GABA,0.73,671.3,213.5,179.3
720575940604737708,descending,,DNa02,right,ACH,0.79,612.1,170.2,83.4
720575940604749758,visual_projection,,LC16,left,ACH,0.56,377.2,287.2,150.4
720575940604954289,descending,,DNp04,left,ACH,0.82,421.7,234.1,137.2
720575940605218220,central,,CB0200,right,GLUT,0.58,615.9,338.0,110.6
720575940605242242,visual_projection,,LC16,right,ACH,0.66,663.7,305.3,125.3
720575940605598892,visual_projection,,LC4,left,ACH,0.54,366.0,269.2,157.4
720575940605825666,visual_projection,,LPLC2,right,ACH,0.63,678.8,223.1,176.8
720575940606112940,descending,,DNg13,right,ACH,0.71,564.2,359.3,135.2
720575940606126438,visual_projection,,LPLC2,left,ACH,0.64,397.0,224.8,219.3
720575940606173630,visual_projection,,LC16,right,ACH,0.57,678.4,297.9,124.8
720575940606217138,visual_projection,,LPLC2,right,ACH,0.44,669.8,262.6,193.2
720575940606218528,central,,CB0563,right,GABA,0.68,565.9,282.6,120.7
720575940606564482,central,,PS018a,right,ACH,0.67,607.8,166.9,83.4
720575940606608230,optic,LO,Li24,right,GABA,0.7,707.1,284.7,105.8
720575940606693297,central,,PVLP124,right,ACH,0.77,643.3,225.3,169.4
720575940606726834,central,,LAL081,left,ACH,0.9,450.7,252.2,139.2
720575940606739390,visual_projection,bilateral,LT66,right,ACH,0.83,714.4,175.4,174.0
720575940606855554,visual_projection,,LPLC2,right,ACH,0.43,677.2,223.9,176.7
720575940607361481,visual_projection,,LC16,right,ACH,0.7,675.8,297.1,123.5
720575940607683011,visual_projection,,LPLC2,right,ACH,0.56,703.3,180.6,171.1
720575940607765257,central,,PLP223,left,ACH,0.74,467.8,188.5,194.2
720575940607774044,central,,PLP012,right,ACH,0.83,611.1,168.4,83.4
720575940607800242,visual_projection,,LC31b,right,ACH,0.86,653.2,296.6,139.0
720575940607845250,visual_projection,,LPLC2,left,ACH,0.48,337.4,232.0,194.4
720575940607854531,visual_projection,,LPLC2,left,ACH,0.63,371.4,190.5,225.3
720575940607924098,visual_projection,,LC16,left,ACH,0.51,383.2,290.9,154.2
720575940607982345,central,,LAL053,right,GLUT,0.77,684.9,222.8,63.7
720575940607982428,central,,PS013,right,ACH,0.84,606.9,167.0,83.4
720575940608083780,central,,CL323a,right,ACH,0.64,580.7,201.2,150.5
720575940608088259,visual_projection,,LPLC2,left,ACH,0.69,381.3,286.0,185.9
720575940608120587,central,,PVLP122b,left,ACH,0.66,421.4,215.4,153.6
720575940608144732,central,,CB0677,right,GABA,0.86,573.8,288.0,163.1
720575940608302857,visual_projection,,LPLC1,left,ACH,0.69,375.8,202.4,212.8
720575940608336514,central,,AVLP536,right,GLUT,0.6,673.3,211.1,181.0
720575940608422958,visual_projection,,LPLC1,left,ACH,0.61,370.5,203.5,203.0
720575940608431625,central,,PVLP028,right,GABA,0.7,610.7,205.6,109.2
720575940608490435,visual_projection,,LC16,right,ACH,0.64,665.8,312.3,116.1
720575940608496196,visual_projection,,LPLC1,right,ACH,0.66,678.7,222.9,176.7
720575940608545219,central,,AVLP080,right,GABA,0.74,712.7,164.4,102.2
720575940608661955,visual_projection,,LT51,right,GLUT,0.71,721.4,184.6,123.2
720575940608845124,visual_projection,,LPLC4,right,ACH,0.81,708.7,181.3,184.2
720575940608875531,visual_projection,,LPLC2,left,ACH,0.6,389.5,217.1,225.9
720575940609010524,central,,CB0282,right,ACH,0.9,682.5,303.1,94.9
720575940609063236,visual_projection,,LPLC4,left,ACH,0.88,389.4,208.0,223.0
720575940609097429,descending,,DNae005,left,ACH,0.85,479.0,233.1,127.0
720575940609171395,central,,CB3983,left,ACH,0.83,398.8,137.0,113.8
720575940609234130,visual_projection,,LCe06,right,ACH,0.8,690.5,208.4,155.7
720575940609294286,central,,"PVLP004,PVLP005",right,GLUT,0.42,666.3,143.0,79.9
720575940609592674,visual_projection,,LPLC2,right,ACH,0.65,680.2,205.5,183.9
720575940609675785,visual_projection,,LPLC4,right,ACH,0.75,700.7,195.9,169.7
720575940609799470,central,,PLP208,right,ACH,0.86,646.5,187.6,203.9
720575940610063918,central,,CB3707,left,GABA,0.71,482.6,276.9,125.9
720575940610116757,visual_projection,,LPLC2,right,ACH,0.58,679.0,223.3,176.7
720575940610152661,visual_projection,,LC16,left,ACH,0.48,381.6,293.1,148.6
720575940610211779,central,,"LAL074,LAL084",left,GLUT,0.6,442.7,187.3,46.8
720575940610226645,visual_projection,,LPLC2,left,ACH,0.63,377.9,197.1,221.0
720575940610236514,descending,,MDN,right,ACH,0.84,531.0,120.5,122.7
720575940610256370,central,,CB1236,right,ACH,0.77,699.9,233.9,51.8
720575940610284018,central,,CB2127,left,ACH,0.86,372.8,194.8,151.6
720575940610397845,visual_projection,,LC16,left,ACH,0.52,386.7,295.7,150.7
720575940610439363,central,,LAL010,right,ACH,0.85,609.7,167.5,83.4
720575940610505006,descending,,DNp103,right,ACH,0.7,640.8,243.4,201.7
720575940610522009,visual_projection,,LC4,left,ACH,0.6,340.0,218.0,167.5
720575940610536290,visual_projection,,LPLC2,right,ACH,0.59,704.2,191.9,160.8
720575940610605614,descending,,DNge119,left,GLUT,0.72,540.2,325.6,231.9
720575940610681829,visual_projection,,LPLC2,right,ACH,0.67,678.9,224.1,176.7
720575940610734449,visual_projection,,LPLC4,right,ACH,0.75,711.4,183.4,181.0
720575940610738898,central,,PS181,left,ACH,0.73,434.4,191.6,172.9
720575940610739918,visual_projection,,LT82b,left,ACH,0.7,352.5,230.8,181.8
720575940610893738,visual_projection,,LC16,right,ACH,0.68,638.7,316.5,156.4
720575940610902442,visual_projection,,LPLC1,left,ACH,0.66,382.7,209.7,207.4
720575940610953651,visual_projection,,LPLC2,right,ACH,0.43,709.8,181.6,168.9
720575940610980374,central,,"PVLP004,PVLP005",right,GLUT,0.48,664.7,138.5,81.7
720575940611050649,visual_projection,,LPLC1,right,ACH,0.61,679.0,207.1,191.4
720575940611085274,visual_projection,,LT60,right,ACH,0.79,719.6,220.0,79.8
720575940611091012,central,,CB3513b,left,GABA,0.67,430.4,227.1,151.2
720575940611134833,visual_projection,,LC4,left,ACH,0.56,382.2,249.6,173.8
720575940611139733,central,,AVLP251,right,GABA,0.71,671.2,300.4,71.8
720575940611169394,central,,PVLP113,right,GABA,0.79,671.5,212.4,181.0
720575940611244530,central,,CB2428,right,ACH,0.74,686.5,225.6,63.7
720575940611249528,visual_projection,,LPLC1,right,ACH,0.68,691.6,200.4,174.9
720575940611314346,visual_projection,,LPLC1,right,ACH,0.64,677.5,224.9,176.7
720575940611332325,central,,LAL186,right,ACH,0.86,602.9,251.5,135.9
720575940611347123,central,,PVLP130,left,GABA,0.84,405.6,198.8,203.2
720575940611352234,visual_projection,,LPLC2,right,ACH,0.61,677.5,202.8,202.4
720575940611385806,central,,LAL018,left,ACH,0.87,467.0,225.0,127.2
720575940611506966,visual_projection,,LPLC4,right,ACH,0.82,677.5,223.1,176.7
720575940611516586,central,,PS233,right,ACH,0.84,577.0,216.7,101.7
720575940611567638,visual_projection,,LPLC2,left,ACH,0.56,377.0,189.6,225.6
720575940611602552,central,,PVLP122b,right,ACH,0.68,557.3,228.0,141.9
720575940611607779,visual_projection,,LC16,left,ACH,0.43,395.5,288.2,163.5
720575940611621166,central,,AVLP430,right,ACH,0.88,691.6,230.6,85.4
720575940611622002,central,,CB1852,left,ACH,0.88,336.9,186.9,130.7
720575940611622826,descending,,DNpe025,left,ACH,0.94,447.9,193.0,216.4
720575940611633010,visual_projection,,LT51,right,GLUT,0.7,724.1,183.8,127.1
720575940611644529,descending,,DNp06,right,ACH,0.61,626.5,209.9,202.6
720575940611683754,central,,CL266_a,right,ACH,0.78,652.5,202.0,182.4
720575940611720690,central,,PLP075,left,GABA,0.65,446.3,217.1,164.0
720575940611735514,descending,,DNa11,left,ACH,0.75,477.7,232.0,127.7
720575940611740569,visual_projection,,LPLC2,right,ACH,0.46,677.2,223.5,176.8
720575940611746418,central,,CL248,left,GABA,0.52,501.3,122.8,152.8
720575940611772514,central,,cL16,left,DA,0.76,408.6,261.7,199.4
720575940611787493,visual_projection,,LC16,left,ACH,0.46,398.1,296.9,155.9
720575940611821334,visual_projection,,LPLC2,left,ACH,0.53,347.5,174.8,190.4
720575940611881970,central,,PS029,left,ACH,0.84,440.0,156.9,99.7
720575940611922126,visual_projection,,LPLC1,left,ACH,0.57,371.3,192.7,212.4
720575940611928930,visual_projection,,LCe06,left,ACH,0.83,359.9,198.6,181.7
720575940611934706,central,,CL333,left,ACH,0.86,471.2,182.1,186.8
720575940611945170,visual_projection,,LC16,right,ACH,0.57,667.0,312.6,119.4
720575940612033253,central,,CB0543,left,GABA,0.88,417.2,309.7,154.5
720575940612045352,visual_projection,,LPLC2,right,ACH,0.69,687.1,193.5,203.2
720575940612093351,visual_projection,,LC4,right,ACH,0.7,670.5,273.8,134.5
720575940612096462,visual_projection,,LPLC2,left,ACH,0.6,349.3,176.0,193.4
720575940612159411,central,,AVLP189_b,left,ACH,0.78,355.5,205.6,109.1
720575940612201586,visual_projection,,LC16,right,ACH,0.54,668.4,312.0,114.2
720575940612203482,descending,,DNp05,left,ACH,0.84,478.8,212.2,136.3
720575940612224943,visual_projection,,LC9,right,ACH,0.71,724.9,176.2,180.9
720575940612254701,visual_projection,,LPLC2,right,ACH,0.5,677.4,224.3,176.7
720575940612323025,visual_projection,,LC4,right,ACH,0.61,678.5,281.5,128.0
720575940612380723,visual_projection,,LC4,right,ACH,0.62,676.0,278.0,129.9
720575940612462307,visual_projection,,LPLC2,right,ACH,0.49,695.0,202.1,164.6
720575940612488341,descending,,DNpe045,right,ACH,0.94,523.6,300.0,176.9
720575940612498129,visual_projection,,LC4,right,ACH,0.57,674.7,294.7,121.2
720575940612508053,central,,PVLP020,right,GABA,0.92,614.7,215.6,130.8
720575940612518055,visual_projection,,LC4,left,ACH,0.59,335.5,225.2,163.9
720575940612533454,central,,CB1932,left,ACH,0.8,389.6,221.7,167.7
720575940612560680,visual_projection,,LPLC2,left,ACH,0.48,320.2,242.6,195.7
720575940612570481,visual_projection,,LPLC1,left,ACH,0.6,362.1,184.0,212.0
720575940612580977,visual_projection,,LC4,left,ACH,0.54,369.3,268.2,157.5
720575940612612094,central,,PVLP151,left,ACH,0.83,325.9,194.6,124.5
720575940612710883,central,,CB0563,left,GABA,0.76,501.8,261.9,131.8
720575940612732146,visual_projection,,LPLC1,right,ACH,0.64,679.1,221.8,176.7
720575940612752611,visual_projection,,LT82b,right,ACH,0.77,706.4,183.3,161.0
720575940612766691,visual_projection,,LPLC2,left,ACH,0.5,352.2,216.3,205.6
720575940612819367,visual_projection,,LTe65,right,ACH,0.81,594.4,194.9,179.7
720575940612858586,visual_projection,,LPLC1,right,ACH,0.6,684.4,203.9,184.6
720575940612874536,visual_projection,,LPLC2,left,ACH,0.51,330.1,169.7,198.9
720575940612944382,visual_projection,,LPLC2,right,ACH,0.48,677.2,224.1,176.8
720575940612946686,visual_projection,,LC16,left,ACH,0.58,397.0,297.0,160.2
720575940612968421,visual_projection,,LC4,right,ACH,0.61,668.0,282.1,138.1
720575940612994929,visual_projection,,LPLC2,right,ACH,0.59,673.2,207.1,194.0
720575940613025331,central,,PLP093,right,ACH,0.83,715.8,177.4,169.0
720575940613039795,central,,CB2458,left,ACH,0.81,353.3,205.8,109.1
720575940613068083,visual_projection,,LC16,left,ACH,0.52,386.3,291.3,152.5
720575940613145258,visual_projection,,LPLC2,left,ACH,0.58,392.1,215.0,220.3
720575940613168554,visual_projection,,LC16,right,ACH,0.68,673.0,293.7,127.2
720575940613219474,visual_projection,,LPLC2,left,ACH,0.62,375.3,191.3,221.5
720575940613221585,central,,AVLP369,left,ACH,0.86,351.6,260.8,115.7
720575940613238418,visual_projection,,LPLC4,left,ACH,0.84,374.0,209.5,203.0
720575940613256863,visual_projection,,LC4,left,ACH,0.6,395.5,261.4,183.2
720575940613260959,visual_projection,,LC4,left,ACH,0.66,364.1,268.5,152.8
720575940613261795,visual_projection,,LC16,left,ACH,0.52,394.7,298.7,160.3
720575940613296613,central,,AVLP369,right,ACH,0.83,680.8,302.1,83.4
720575940613304803,visual_projection,,LPLC1,left,ACH,0.63,364.7,185.7,217.4
720575940613369586,central,,PVLP007,right,GLUT,0.51,667.6,142.8,79.9
720575940613408552,descending,,DNa13,left,ACH,0.76,464.6,238.7,122.7
720575940613427198,visual_projection,,LPLC1,right,ACH,0.64,678.4,223.2,176.8
720575940613455986,visual_projection,,LT62,left,ACH,0.88,320.2,198.2,125.7
720575940613470947,visual_projection,,LPLC2,left,ACH,0.58,340.2,172.3,195.1
720575940613491826,visual_projection,,LPLC4,left,ACH,0.79,372.8,204.9,203.0
720575940613502786,central,,"LAL028, LAL029",right,ACH,0.8,617.8,150.2,46.0
720575940613540527,visual_projection,,LC16,right,ACH,0.67,673.9,309.4,117.9
720575940613558225,central,,"PS230,PLP242",left,ACH,0.82,444.6,235.4,180.0
720575940613588246,central,,cL16,right,DA,0.77,623.5,154.3,159.4
720575940613609484,visual_projection,,LC4,right,ACH,0.55,673.4,287.6,128.4
720575940613638041,visual_projection,,LC4,right,ACH,0.61,668.7,271.4,137.4
720575940613672931,visual_projection,,LPLC1,left,ACH,0.59,370.8,205.8,203.0
720575940613677999,visual_projection,,LPLC1,right,ACH,0.61,677.8,224.4,176.7
720575940613710061,visual_projection,,LC16,right,ACH,0.54,680.5,301.5,118.2
720575940613763759,visual_projection,,LPLC2,left,ACH,0.68,385.0,214.3,220.2
720575940613783277,visual_projection,,LT79,left,ACH,0.87,359.2,190.9,187.4
720575940613804906,visual_projection,,LPLC2,right,ACH,0.55,704.2,208.7,188.0
720575940613817110,central,,CB1932,left,ACH,0.81,414.5,221.7,196.6
720575940613821290,visual_projection,,LPLC2,right,ACH,0.61,668.9,258.2,171.2
720575940613867938,central,,AVLP370a,left,ACH,0.89,370.8,285.0,118.6
720575940613891442,central,,OA-VUMa1,center,OCT,0.83,528.7,289.8,168.4
720575940613984578,visual_projection,,LPLC4,left,ACH,0.75,374.1,208.3,203.0
720575940613991731,central,,AVLP187,left,ACH,0.76,356.4,206.2,109.1
720575940614067167,visual_projection,,LPLC2,right,ACH,0.48,706.3,186.0,166.4
720575940614082966,visual_projection,,LC16,left,ACH,0.45,384.0,298.1,151.4
720575940614089197,visual_projection,,LPLC1,left,ACH,0.57,372.8,208.3,203.0
720575940614207894,central,,AVLP442,right,ACH,0.83,654.0,216.4,28.3
720575940614209576,visual_projection,,LPLC4,left,ACH,0.73,322.0,242.6,187.2
720575940614233962,central,,CB1717,right,ACH,0.89,645.4,226.9,169.4
720575940614311746,visual_projection,,LTe18,right,ACH,0.84,578.4,194.7,167.2
720575940614341938,visual_projection,,LC16,left,ACH,0.48,398.6,294.4,161.0
720575940614354326,visual_projection,,LPLC1,left,ACH,0.59,380.5,207.1,207.1
720575940614362380,visual_projection,,LPLC1,left,ACH,0.55,372.4,207.9,203.0
720575940614370610,visual_projection,,LCe06,right,ACH,0.75,691.9,206.9,155.7
720575940614373023,visual_projection,,LPLC1,right,ACH,0.67,677.3,225.0,176.8
720575940614373279,visual_projection,,LPLC2,right,ACH,0.46,679.7,219.8,176.7
720575940614376498,visual_projection,,LC16,right,ACH,0.63,663.8,314.9,116.2
720575940614402966,visual_projection,,LC16,left,ACH,0.46,353.5,308.4,142.0
720575940614403178,descending,,DNae005,right,ACH,0.87,609.5,168.9,83.4
720575940614492397,central,,PVLP151,right,ACH,0.82,725.6,224.2,80.4
720575940614526974,visual_projection,,LPLC2,right,ACH,0.54,700.8,193.4,166.3
720575940614572742,visual_projection,,LC4,left,ACH,0.56,382.2,271.4,161.8
720575940614582765,visual_projection,,LC16,right,ACH,0.6,670.2,305.2,119.5
720575940614582946,visual_projection,,LC4,right,ACH,0.67,677.8,284.9,127.6
720575940614614495,visual_projection,,LT61b,right,ACH,0.9,720.8,217.2,87.0
720575940614631079,visual_projection,,LPLC2,left,ACH,0.59,355.9,178.6,196.2
720575940614646495,visual_projection,,LC16,right,ACH,0.66,673.5,298.7,126.6
720575940614680076,visual_projection,,LC16,left,ACH,0.51,390.6,281.9,158.5
720575940614702815,visual_projection,,LC16,right,ACH,0.74,662.4,314.6,123.1
720575940614710509,central,,cML01,right,GLUT,0.74,723.6,214.2,121.6
720575940614712115,visual_projection,,LC16,right,ACH,0.76,652.6,317.5,130.7
720575940614738444,visual_projection,,LPLC2,left,ACH,0.47,353.1,183.5,193.1
720575940614751027,visual_projection,,LPLC1,left,ACH,0.55,371.1,204.2,203.0
720575940614817695,central,,AVLP591,right,ACH,0.92,700.9,182.9,171.1
720575940614914107,visual_projection,,LC4,left,ACH,0.59,384.7,255.5,171.6
720575940614941992,central,,AVLP479,right,GABA,0.72,669.7,209.6,179.3
720575940615028143,visual_projection,,LT79,right,ACH,0.9,726.8,170.4,163.6
720575940615036319,central,,CB0757,right,GLUT,0.78,460.2,273.7,164.6
720575940615043222,descending,,DNae007,right,ACH,0.77,608.7,168.2,83.4
720575940615053580,visual_projection,,LC4,left,ACH,0.53,350.0,264.1,146.6
720575940615055989,visual_projection,,LPLC2,left,ACH,0.49,379.1,203.3,218.0
720575940615092019,descending,,DNpe042,left,ACH,0.75,475.6,217.2,137.6
720575940615092882,optic,LO,Li24,right,GABA,0.7,708.2,268.1,110.9
720575940615116731,visual_projection,,LPLC2,right,ACH,0.52,676.1,211.3,199.2
720575940615124370,visual_projection,,LC16,right,ACH,0.64,674.6,307.3,120.1
720575940615127227,visual_projection,,LC4,left,ACH,0.6,340.7,224.0,166.8
720575940615134091,central,,AVLP189_b,right,ACH,0.81,687.6,225.5,63.7
720575940615232217,visual_projection,,LC4,right,ACH,0.65,673.7,279.8,124.4
720575940615274914,visual_projection,,LT51,left,GLUT,0.7,356.4,218.8,176.8
720575940615281862,central,,CB3705,left,ACH,0.88,341.2,215.1,99.1
720575940615288203,visual_projection,,LPLC2,right,ACH,0.45,677.4,223.9,176.7
720575940615332502,visual_projection,,LPLC2,left,ACH,0.51,392.9,220.4,217.6
720575940615362558,visual_projection,,LPLC1,left,ACH,0.57,369.8,202.9,203.0
720575940615391638,visual_projection,,LT82b,left,ACH,0.7,362.2,192.5,187.4
720575940615462587,visual_projection,,LC4,left,ACH,0.56,379.4,261.2,168.5
720575940615522922,visual_projection,,LT51,right,GLUT,0.7,729.2,188.7,113.6
720575940615528678,central,,PVLP024,right,GABA,0.74,629.6,239.7,134.8
720575940615553426,visual_projection,,LPLC1,right,ACH,0.63,659.5,269.7,196.4
720575940615575007,visual_projection,,LC4,left,ACH,0.62,348.2,233.9,167.9
720575940615645034,central,,PVLP007,right,GLUT,0.58,667.7,143.1,79.9
720575940615723314,central,,PVLP076,right,ACH,0.91,683.9,228.9,63.7
720575940615757162,central,,PLP012,left,ACH,0.74,469.0,213.5,124.1
720575940615798470,descending,,DNpe022,left,ACH,0.94,453.2,232.0,152.4
720575940615860566,central,,CB1932,left,ACH,0.63,417.2,220.0,196.6
720575940615860886,visual_projection,,LC16,left,ACH,0.4,381.2,291.5,152.1
720575940615868010,central,,PS018b,left,ACH,0.86,470.2,220.3,126.0
720575940615905373,visual_projection,,LPLC4,right,ACH,0.83,702.9,184.6,168.9
720575940615907723,visual_projection,,LPLC2,left,ACH,0.56,330.4,168.0,195.6
720575940615920453,visual_projection,,LPLC2,right,ACH,0.65,684.3,196.8,192.9
720575940615934150,visual_projection,,LPLC1,left,ACH,0.55,371.5,206.7,203.0
720575940615953302,visual_projection,,LPLC2,left,ACH,0.53,376.4,194.2,222.0
720575940615967377,visual_projection,,LPLC2,right,ACH,0.55,690.6,202.5,171.1
720575940615989972,visual_projection,,LC16,right,ACH,0.7,678.7,298.1,122.0
720575940615999489,central,,"LAL125,LAL108",left,GLUT,0.56,457.8,241.2,92.4
720575940615999547,visual_projection,,LPLC1,left,ACH,0.63,371.5,207.0,203.0
720575940616008854,visual_projection,,LPLC2,left,ACH,0.58,387.3,213.6,222.6
720575940616026939,descending,,MDN,left,ACH,0.85,517.6,100.8,113.9
720575940616038806,visual_projection,,LPLC1,right,ACH,0.64,677.7,225.2,176.8
720575940616044869,central,,"PVLP004,PVLP005",left,GLUT,0.67,385.5,128.0,109.3
720575940616066705,visual_projection,,LC4,right,ACH,0.62,682.4,284.4,124.4
720575940616083345,visual_projection,,LPLC2,left,ACH,0.62,359.8,279.1,186.9
720575940616111243,central,,CB1734,right,ACH,0.8,580.6,201.0,150.5
720575940616116697,visual_projection,,LPLC2,right,ACH,0.44,695.6,194.9,173.5
720575940616138123,visual_projection,,LTe65,left,ACH,0.87,450.8,192.4,204.1
720575940616165377,central,,"AOTU032,AOTU034",left,ACH,0.85,422.0,244.0,99.7
720575940616166685,visual_projection,,LPLC2,right,ACH,0.44,712.1,180.2,191.6
720575940616201695,visual_projection,,LPLC1,left,ACH,0.63,426.4,224.9,159.9
720575940616285151,central,,PLP075,right,GABA,0.63,612.7,272.2,82.8
720575940616286175,descending,,DNa13,left,ACH,0.75,482.7,271.8,172.6
720575940616298816,visual_projection,,LPLC1,left,ACH,0.61,428.0,219.7,160.1
720575940616313942,central,,AMMC-A1,left,ACH,0.37,422.5,222.4,219.1
720575940616332354,optic,ME.LO,LMa2,right,GABA,0.77,714.7,276.1,107.4
720575940616377817,visual_projection,,LPLC2,left,ACH,0.51,372.5,189.6,222.2
720575940616403771,visual_projection,,LPLC1,left,ACH,0.68,382.3,208.4,210.7
720575940616471052,descending,,DNg13,left,ACH,0.75,497.2,306.1,181.4
720575940616491993,visual_projection,,LPLC2,right,ACH,0.75,656.6,278.3,169.2
720575940616504977,central,,CB0508,left,ACH,0.84,464.1,332.6,183.2
720575940616509494,central,,CB2352,right,ACH,0.83,597.0,186.6,184.4
720575940616604817,descending,,DNpe023,left,ACH,0.9,486.7,125.6,162.0
720575940616713355,visual_projection,,LC4,left,ACH,0.55,359.6,232.8,179.7
720575940616735489,visual_projection,,LPLC2,right,ACH,0.64,685.0,198.3,203.0
720575940616807897,central,,"LAL074,LAL084",left,GLUT,0.56,424.0,191.6,48.1
720575940616881821,visual_projection,,LPLC1,left,ACH,0.63,385.8,205.6,217.3
720575940616946065,central,,CL322,right,ACH,0.81,595.7,203.5,206.6
720575940616951739,visual_projection,,LC31b,left,ACH,0.84,392.1,243.1,200.4
720575940617026260,visual_projection,,LC4,left,ACH,0.51,342.8,220.2,168.6
720575940617063436,visual_projection,,LC16,right,ACH,0.67,682.0,303.1,120.4
720575940617073113,central,,CB2659,right,ACH,0.71,687.2,224.8,63.7
720575940617077810,visual_projection,,LPLC1,right,ACH,0.59,670.0,223.4,187.7
720575940617089241,central,,CB0529,left,ACH,0.82,401.3,305.1,139.6
720575940617123814,central,,PVLP062,left,ACH,0.71,337.3,248.1,115.7
720575940617140597,descending,,DNpe024,left,ACH,0.86,488.6,189.5,191.6
720575940617176321,visual_projection,,LC4,left,ACH,0.51,367.8,261.7,159.6
720575940617190361,central,,CB0529,right,ACH,0.81,640.9,331.0,117.8
720575940617224093,central,,CB1211,right,ACH,0.84,699.8,234.6,57.0
720575940617226141,central,,"LAL074,LAL084",right,GLUT,0.65,573.6,209.1,82.6
720575940617243393,central,,LAL046,left,GABA,0.69,453.8,237.5,122.9
720575940617245652,descending,,DNp55,right,ACH,0.88,602.9,185.8,190.6
720575940617260374,visual_projection,,LT51,right,GLUT,0.66,709.1,205.1,129.0
720575940617266722,visual_projection,,LC4,left,ACH,0.58,380.1,262.1,163.4
720575940617276889,central,,PVLP008,right,GLUT,0.58,669.6,142.7,79.9
720575940617277145,central,,AVLP251,left,GABA,0.67,394.2,257.4,65.1
720575940617289782,visual_projection,,LPLC2,left,ACH,0.54,336.4,169.4,198.1
720575940617294219,visual_projection,,LPLC2,left,ACH,0.54,374.8,191.9,225.1
720575940617348379,visual_projection,,LC4,right,ACH,0.64,675.6,282.9,130.0
720575940617374465,visual_projection,,LC16,right,ACH,0.68,654.4,315.1,124.0
720575940617414539,visual_projection,,LPLC1,right,ACH,0.69,675.7,209.2,193.6
720575940617442561,central,,WED116,left,ACH,0.47,431.4,226.1,143.5
720575940617444130,central,,CB0527,right,GABA,0.64,582.6,297.6,96.8
720575940617480094,visual_projection,,LPLC2,left,ACH,0.66,379.8,194.0,224.7
720575940617499205,central,,PVLP074,left,ACH,0.82,362.0,288.5,127.3
720575940617625227,visual_projection,,LPLC1,right,ACH,0.61,679.2,222.4,176.7
720575940617636981,central,,CB0766,right,ACH,0.9,676.8,297.8,100.3
720575940617720577,central,,"LAL160,LAL161",right,ACH,0.83,589.7,192.1,195.8
720575940617727793,visual_projection,,LT51,left,GLUT,0.71,345.3,194.7,164.8
720575940617818708,central,,LAL040,right,GABA,0.86,601.7,193.9,19.1
720575940617932368,central,,AVLP502,right,ACH,0.86,657.3,216.3,117.1
720575940617948445,central,,CB3707,left,GABA,0.79,481.1,277.0,125.3
720575940617955099,central,,SMP471,right,ACH,0.8,509.6,243.3,124.2
720575940617990454,visual_projection,,LC16,right,ACH,0.7,671.4,308.3,122.5
720575940617997241,visual_projection,,LPLC2,left,ACH,0.39,390.4,214.0,224.2
720575940618002644,visual_projection,,LC4,left,ACH,0.58,333.9,228.1,161.0
720575940618002747,central,,PS011,right,ACH,0.89,608.1,166.8,83.4
720575940618030429,visual_projection,,LC16,right,ACH,0.75,633.0,312.3,179.5
720575940618031394,central,,"PS230,PLP242",left,ACH,0.81,456.1,262.0,221.4
720575940618057595,visual_projection,,LC16,right,ACH,0.72,645.7,312.0,149.2
720575940618058048,central,,PS049,right,GABA,0.76,617.2,264.0,93.9
720575940618131928,central,,IB061,left,ACH,0.86,488.0,199.3,154.0
720575940618135256,central,,"LAL028, LAL029",left,ACH,0.8,436.4,120.5,67.0
720575940618135973,visual_projection,,LC31a,right,ACH,0.88,663.6,278.2,140.4
720575940618157110,central,,CL066,right,GABA,0.66,698.2,196.0,77.6
720575940618160273,visual_projection,,LC16,left,ACH,0.5,391.7,274.2,167.3
720575940618165393,central,,CB0580,left,GABA,0.75,495.0,278.7,122.3
720575940618172509,visual_projection,,LPLC2,right,ACH,0.49,689.4,198.8,182.9
720575940618189227,central,,PLP015,right,GABA,0.85,619.8,264.4,93.9
720575940618214360,visual_projection,,LC16,right,ACH,0.64,681.2,299.9,122.0
720575940618234704,visual_projection,,LC4,right,ACH,0.61,698.6,271.0,109.6
720575940618234715,visual_projection,,LC4,right,ACH,0.63,661.1,271.2,150.8
720575940618243009,central,,CB3707,right,GABA,0.76,571.2,278.2,117.5
720575940618250630,central,,AVLP189_b,left,ACH,0.78,355.1,205.8,109.1
720575940618266459,visual_projection,,LC4,right,ACH,0.63,666.5,287.8,130.6
720575940618267227,visual_projection,,LC4,right,ACH,0.58,661.4,279.4,146.7
720575940618275520,visual_projection,,LC4,right,ACH,0.56,665.8,275.1,141.6
720575940618307046,visual_projection,,LPLC2,right,ACH,0.58,713.1,183.0,166.8
720575940618312606,visual_projection,,LC4,left,ACH,0.56,367.0,261.6,206.4
720575940618314897,descending,,DNp70,right,ACH,0.78,629.6,201.4,200.0
720575940618334649,visual_projection,,LPLC4,right,ACH,0.78,707.3,187.2,181.8
720575940618340057,central,,PVLP093,left,GABA,0.89,443.2,199.7,110.8
720575940618445622,visual_projection,,LC16,left,ACH,0.53,386.0,294.2,147.5
720575940618450496,visual_projection,,LPLC2,right,ACH,0.47,680.1,219.4,176.7
720575940618455791,central,,PLP018,left,GABA,0.83,435.4,245.6,149.6
720575940618460857,optic,ME.LO,LMa2,left,GABA,0.65,322.0,237.9,140.7
720575940618516894,central,,SAD044,right,ACH,0.76,591.4,280.1,116.0
720575940618522433,central,,AMMC-A1,right,ACH,0.3,607.3,225.5,129.2
720575940618532011,central,,LAL026,left,ACH,0.78,439.3,155.6,99.7
720575940618538641,visual_projection,,LPLC2,right,ACH,0.74,652.6,279.5,180.5
720575940618566657,visual_projection,,LC16,left,ACH,0.47,378.3,293.6,144.1
720575940618608177,visual_projection,,LPLC2,left,ACH,0.52,355.3,178.6,199.8
720575940618649920,central,,OA-ASM3,left,DA,0.54,443.7,137.2,58.4
720575940618676440,visual_projection,,LC4,left,ACH,0.59,386.2,262.5,170.1
720575940618709158,visual_projection,,LC4,right,ACH,0.58,676.5,280.9,118.8
720575940618711535,visual_projection,,LPLC2,right,ACH,0.59,679.5,219.4,176.7
720575940618723749,visual_projection,,LC4,left,ACH,0.54,368.6,260.4,163.2
720575940618769153,central,,PVLP069,left,ACH,0.78,349.7,273.2,127.9
720575940618780962,central,,"PVLP004,PVLP005",right,GLUT,0.56,669.2,141.8,79.9
720575940618798040,visual_projection,,LC16,right,ACH,0.62,670.7,316.0,113.8
720575940618807105,visual_projection,,LC4,left,ACH,0.54,353.1,264.1,145.7
720575940618886710,central,,PVLP076,left,ACH,0.89,355.3,204.9,86.6
720575940618902488,visual_projection,,LT82a,left,ACH,0.72,355.4,210.9,193.0
720575940618927892,visual_projection,,LPLC2,left,ACH,0.48,351.9,184.7,195.5
720575940618931846,central,,VES046,right,GLUT,0.85,544.1,122.5,148.9
720575940618932763,central,,PVLP010,right,GLUT,0.55,643.2,133.3,64.3
720575940618965553,central,,CB0766,left,ACH,0.85,367.0,282.9,124.1
720575940618987600,central,,PVLP120,left,ACH,0.92,417.3,219.3,200.9
720575940619014981,visual_projection,,LPLC4,left,ACH,0.8,373.8,208.9,203.0
720575940619021272,visual_projection,,LT51,right,GLUT,0.66,708.6,204.4,129.0
720575940619031837,central,,PS181,right,ACH,0.77,635.7,181.5,194.4
720575940619038493,descending,,DNpe042,right,ACH,0.76,644.7,234.7,206.6
720575940619113556,central,,CB1717,left,ACH,0.85,416.4,220.1,196.6
720575940619148829,visual_projection,,LT83,left,ACH,0.72,342.8,176.7,173.9
720575940619159233,visual_projection,,LPLC4,left,ACH,0.74,377.3,205.2,211.5
720575940619191966,descending,,DNge119,right,GLUT,0.69,643.4,336.4,160.1
720575940619197318,visual_projection,,LPLC2,left,ACH,0.52,356.2,188.2,194.8
720575940619207664,central,,PVLP133,left,ACH,0.87,367.1,204.1,180.0
720575940619263937,visual_projection,,LPLC2,left,ACH,0.67,392.6,222.8,222.4
720575940619264193,visual_projection,,LPLC4,right,ACH,0.79,707.6,182.6,180.2
720575940619272980,visual_projection,,LC16,left,ACH,0.57,395.8,293.4,166.6
720575940619309632,visual_projection,,LPLC4,left,ACH,0.84,349.2,200.8,211.8
720575940619317524,visual_projection,,LC16,right,ACH,0.66,668.4,307.7,121.0
720575940619397542,visual_projection,,LC4,left,ACH,0.58,349.5,260.4,147.5
720575940619435655,central,,CB3201,left,ACH,0.82,371.7,273.8,124.6
720575940619457088,optic,ME.LO,LMa2,left,GABA,0.65,345.8,288.5,144.6
720575940619506415,visual_projection,,LPLC1,left,ACH,0.65,370.0,203.9,203.0
720575940619507184,visual_projection,,LC31a,right,ACH,0.86,660.1,282.5,143.6
720575940619518854,visual_projection,,LPLC1,right,ACH,0.7,650.0,296.9,200.8
720575940619549598,central,,PS059,left,GLUT,0.37,405.0,233.5,71.3
720575940619592768,visual_projection,,LC31b,left,ACH,0.82,411.1,270.2,193.0
720575940619601488,central,,PVLP122b,right,ACH,0.66,631.8,229.1,126.5
720575940619627934,visual_projection,,LPLC2,right,ACH,0.49,702.4,187.3,170.2
720575940619646191,visual_projection,,LC16,left,ACH,0.54,402.8,299.6,166.5
720575940619646913,visual_projection,,LC16,right,ACH,0.62,674.6,317.6,117.9
720575940619654053,descending,,DNp02,left,ACH,0.64,438.8,276.1,127.6
720575940619654149,visual_projection,,LPLC2,right,ACH,0.49,675.6,274.1,185.6
720575940619655685,visual_projection,,LPLC4,left,ACH,0.75,373.0,208.1,203.0
720575940619663343,visual_projection,,LC16,left,ACH,0.59,362.8,299.3,144.4
720575940619681006,central,,PS059,right,GABA,0.45,627.8,227.8,50.4
720575940619695494,visual_projection,,LPLC1,left,ACH,0.63,387.8,208.0,219.0
720575940619709972,central,,PVLP024,left,GABA,0.74,425.1,234.8,155.0
720575940619720129,visual_projection,,LPLC1,left,ACH,0.62,372.2,207.4,203.0
720575940619731334,visual_projection,,LT51,left,GLUT,0.75,323.6,184.8,163.1
720575940619750822,visual_projection,,LPLC2,left,ACH,0.5,331.3,204.7,196.2
720575940619822784,central,,PVLP093,right,GABA,0.89,607.0,207.9,97.2
720575940619864047,central,,PLP034,right,GLUT,0.75,723.3,194.8,129.3
720575940619866027,central,,"LAL074,LAL084",right,GLUT,0.67,567.1,205.2,86.9
720575940619900993,visual_projection,,LPLC2,left,ACH,0.48,378.8,244.3,213.9
720575940619904859,central,,LAL025,left,ACH,0.79,449.0,178.1,103.1
720575940619981494,visual_projection,,LPLC2,left,ACH,0.47,384.3,208.5,223.4
720575940619991862,optic,LOP,LPi15,left,GABA,0.85,372.4,264.7,255.8
720575940620001718,visual_projection,,LPLC2,right,ACH,0.41,698.4,189.4,170.5
720575940620050811,visual_projection,,LPLC1,left,ACH,0.61,381.7,209.6,219.5
720575940620054694,descending,,DNp11,left,ACH,0.75,404.0,216.6,168.7
720575940620120155,central,,PVLP128,right,ACH,0.8,642.7,224.4,169.4
720575940620123631,central,,CB0079,right,GABA,0.8,587.6,299.4,90.8
720575940620124143,central,,CB0655,left,ACH,0.97,434.5,307.9,199.6
720575940620139678,visual_projection,,LPLC2,left,ACH,0.77,387.6,216.5,221.9
720575940620165541,central,,AVLP479,right,GABA,0.72,670.4,209.2,179.3
720575940620173737,central,,PVLP022,left,GABA,0.71,438.1,230.8,150.4
720575940620238576,visual_projection,,LC16,left,ACH,0.49,380.5,285.3,153.3
720575940620241573,central,,PS203a,left,ACH,0.83,469.7,196.2,169.8
720575940620258480,central,,PVLP114,left,ACH,0.85,413.3,220.1,200.9
720575940620300308,descending,,DNg97,right,ACH,0.8,506.0,282.1,174.9
720575940620306904,visual_projection,,LPLC2,left,ACH,0.5,337.7,170.4,195.0
720575940620307803,central,,AVLP187,right,ACH,0.68,688.2,224.9,63.7
720575940620314221,visual_projection,,LC4,right,ACH,0.48,709.2,234.5,134.5
720575940620314612,visual_projection,,LC4,right,ACH,0.53,683.4,279.9,126.0
720575940620320902,central,,PVLP017,right,GABA,0.72,610.4,207.5,109.2
720575940620346758,visual_projection,,LPLC4,left,ACH,0.84,347.0,173.5,210.4
720575940620351691,central,,CB2395b,right,ACH,0.87,647.2,228.6,155.0
720575940620356545,central,,pC1d,right,ACH,0.85,609.2,157.0,100.8
720575940620443162,visual_projection,,LPLC1,right,ACH,0.69,674.0,219.0,188.0
720575940620443508,visual_projection,,LC16,right,ACH,0.62,657.6,312.9,126.3
720575940620468718,descending,,DNp02,right,ACH,0.73,631.2,198.0,190.6
720575940620490093,visual_projection,,LC16,left,ACH,0.47,392.8,295.2,152.0
720575940620512261,visual_projection,,LC16,left,ACH,0.53,364.5,285.1,146.6
720575940620512950,visual_projection,,LPLC1,right,ACH,0.58,677.0,237.6,167.8
720575940620575476,visual_projection,,LPLC2,right,ACH,0.6,680.1,202.1,204.0
720575940620642287,visual_projection,,LC16,right,ACH,0.63,659.1,317.0,121.9
720575940620657857,central,,CB0172,left,GABA,0.59,510.3,286.7,208.3
720575940620686964,central,,LAL018,right,ACH,0.88,609.0,167.1,83.4
720575940620719600,central,,CB1688,left,ACH,0.9,341.1,184.2,137.0
720575940620723126,central,,AVLP479,left,GABA,0.72,382.7,201.1,205.5
720575940620729816,visual_projection,,LPLC4,left,ACH,0.73,372.0,206.4,203.0
720575940620731380,visual_projection,,LC4,right,ACH,0.46,705.3,237.4,135.9
720575940620746478,central,,PS100,right,GABA,0.43,554.3,328.7,196.6
720575940620754815,visual_projection,,LPLC1,right,ACH,0.63,678.5,223.6,176.7
720575940620771521,central,,CB0218,right,ACH,0.87,674.0,307.2,97.3
720575940620783180,visual_projection,,LPLC2,right,ACH,0.5,676.9,223.7,176.8
720575940620795728,visual_projection,,LC4,left,ACH,0.62,365.3,265.9,150.5
720575940620813989,visual_projection,,LTe20,left,ACH,0.88,350.2,278.0,143.2
720575940620822548,central,,"LAL028, LAL029",left,ACH,0.81,444.0,153.2,102.8
720575940620840948,central,,SAD094,left,ACH,0.91,452.4,219.9,227.9
720575940620887834,visual_projection,,LPLC2,right,ACH,0.42,709.6,180.8,188.1
720575940620899967,central,,CB1932,left,ACH,0.61,415.6,220.8,196.6
720575940620903551,visual_projection,,LC4,left,ACH,0.55,330.1,217.0,159.6
720575940620918789,descending,,DNa03,left,ACH,0.84,476.0,228.7,117.9
720575940620979149,central,,PS231,right,ACH,0.8,576.1,200.2,151.6
720575940620988276,central,,PS010,right,ACH,0.8,608.8,167.6,83.4
720575940620996357,visual_projection,,LC16,right,ACH,0.66,675.9,300.3,124.7
720575940621000831,central,,PVLP062,right,ACH,0.75,702.1,256.0,66.5
720575940621052848,optic,LO,Li24,right,GABA,0.7,709.0,287.5,107.8
720575940621061545,visual_projection,,LPLC1,right,ACH,0.64,678.6,223.2,176.8
720575940621067204,central,,PVLP021,left,GABA,0.77,434.1,200.6,108.6
720575940621077488,central,,VES004,left,ACH,0.95,397.1,294.8,104.4
720575940621092220,visual_projection,,LPLC1,right,ACH,0.73,677.5,225.6,176.8
720575940621110464,visual_projection,,LPLC1,left,ACH,0.53,371.8,206.6,203.0
720575940621145821,visual_projection,,LC4,right,ACH,0.64,686.2,280.6,123.9
720575940621157645,descending,,DNpe024,right,ACH,0.88,572.2,188.7,185.8
720575940621225313,central,,CL286,right,ACH,0.71,702.9,186.9,165.0
720575940621259875,visual_projection,,LPLC4,left,ACH,0.72,372.8,205.4,203.0
720575940621319924,central,,CB0283,right,GABA,0.54,643.1,327.2,125.8
720575940621334181,central,,PS057,left,GLUT,0.68,447.4,229.7,124.5
720575940621365236,central,,PVLP021,left,GABA,0.77,432.8,225.4,151.5
720575940621371045,central,,LT56,right,GLUT,0.48,708.1,259.6,81.3
720575940621401222,descending,,DNpe025,right,ACH,0.88,614.7,192.8,202.9
720575940621403887,visual_projection,,LPLC1,left,ACH,0.62,369.5,203.3,203.0
720575940621413541,optic,ME.LO,LMa2,left,GABA,0.74,249.4,262.5,241.7
720575940621415389,central,,PVLP112b,right,GABA,0.76,671.7,212.2,181.0
720575940621425878,visual_projection,,LC16,right,ACH,0.61,652.3,313.9,126.9
720575940621460115,central,,PLP018,left,GABA,0.8,429.3,244.1,128.2
720575940621475610,central,,CL322,left,ACH,0.78,469.7,209.5,130.2
720575940621514093,visual_projection,,LPLC4,left,ACH,0.77,342.0,273.4,192.2
720575940621522458,visual_projection,,LC4,right,ACH,0.61,678.0,279.4,126.8
720575940621522671,visual_projection,,LPLC1,left,ACH,0.58,371.2,206.3,203.0
720575940621535809,visual_projection,,LC16,left,ACH,0.46,402.8,287.0,170.0
720575940621544943,optic,ME.LO,LMa2,right,GABA,0.69,724.5,230.5,118.7
720575940621548897,visual_projection,,LC16,right,ACH,0.62,670.6,311.2,119.9
720575940621588980,central,,CB3983,right,ACH,0.87,665.4,152.8,85.5
720575940621608363,visual_projection,,LC16,left,ACH,0.61,382.3,277.2,150.4
720575940621623393,visual_projection,,LC16,left,ACH,0.55,360.3,286.4,148.7
720575940621634913,visual_projection,,LPLC2,right,ACH,0.57,679.5,221.1,176.8
720575940621638534,central,,OA-AL2b1,right,OCT,0.86,552.6,282.3,44.1
720575940621646730,central,,"PVLP004,PVLP005",left,GLUT,0.7,414.9,187.2,135.0
720575940621658971,visual_projection,,LPLC1,left,ACH,0.64,383.0,211.7,217.2
720575940621714541,visual_projection,,LPLC1,right,ACH,0.65,674.4,220.0,181.6
720575940621726698,central,,PVLP100,left,GABA,0.68,407.5,227.4,164.4
720575940621753579,visual_projection,,LC4,right,ACH,0.62,668.4,291.1,124.8
720575940621759169,visual_projection,,LPLC4,left,ACH,0.81,374.5,210.3,203.0
720575940621785129,visual_projection,,LPLC1,right,ACH,0.61,694.1,198.7,171.8
720575940621800431,visual_projection,,LC31a,left,ACH,0.85,380.2,272.4,152.0
720575940621806574,visual_projection,,LTe42a,left,ACH,0.88,361.8,189.7,187.4
720575940621819630,central,,PLP060,left,GABA,0.81,454.2,229.0,127.9
720575940621823979,central,,PS022,right,ACH,0.78,606.4,167.9,83.4
720575940621914904,visual_projection,,LPLC2,left,ACH,0.45,362.7,244.2,224.4
720575940621929641,central,,CL211,right,ACH,0.85,530.8,126.2,123.3
720575940621946945,visual_projection,,"LT53,PLP098",right,ACH,0.88,709.8,186.6,152.5
720575940622007472,central,,cM11,left,ACH,0.88,458.4,268.0,218.2
720575940622009284,visual_projection,,LPLC2,left,ACH,0.73,352.1,178.6,194.2
720575940622014758,visual_projection,,LC16,right,ACH,0.6,662.7,302.9,126.9
720575940622018217,central,,LAL040,left,GABA,0.86,445.0,152.4,46.0
720575940622018698,visual_projection,,LC16,left,ACH,0.44,377.4,293.7,147.2
720575940622027222,descending,,DNge046,right,GABA,0.55,622.5,342.6,159.8
720575940622053185,visual_projection,,LT51,right,GLUT,0.62,708.8,205.3,129.0
720575940622084774,visual_projection,,LC16,right,ACH,0.63,674.0,310.8,114.5
720575940622108001,visual_projection,,LC4,left,ACH,0.6,380.7,259.6,165.7
720575940622140481,visual_projection,,LTe18,left,ACH,0.84,421.7,266.5,227.5
720575940622156799,visual_projection,,LPLC2,left,ACH,0.4,363.0,242.7,211.5
720575940622174463,visual_projection,,LPLC2,right,ACH,0.65,674.0,206.9,197.6
720575940622202150,visual_projection,,LC16,left,GLUT,0.38,377.6,275.6,161.9
720575940622234689,central,,"LAL028, LAL029",left,ACH,0.82,460.0,233.9,123.8
720575940622236374,central,,PLP229,left,ACH,0.84,468.2,217.6,223.8
720575940622253704,visual_projection,,LC16,left,ACH,0.51,378.2,294.5,153.3
720575940622268853,visual_projection,,LPLC1,right,ACH,0.68,670.7,209.0,195.8
720575940622312072,visual_projection,,LPLC2,left,ACH,0.55,387.5,209.1,229.8
720575940622314339,visual_projection,,LPLC1,right,ACH,0.65,678.3,224.0,176.8
720575940622319913,visual_projection,,LC16,left,ACH,0.51,376.6,291.7,149.2
720575940622324991,central,,PVLP141,left,ACH,0.74,462.7,211.8,131.3
720575940622330582,visual_projection,,LC4,right,ACH,0.61,673.7,281.4,128.8
720575940622339113,central,,PVLP130,right,GABA,0.87,462.4,190.8,113.0
720575940622364598,visual_projection,,LT51,right,GLUT,0.68,713.6,188.0,126.0
720575940622364854,visual_projection,,LT1b,right,ACH,0.88,722.0,229.8,80.0
720575940622419480,visual_projection,,LC16,left,ACH,0.42,388.4,293.5,152.3
720575940622425271,visual_projection,,LPLC2,left,ACH,0.54,379.3,200.0,219.4
720575940622473292,central,,CB0013,left,GABA,0.42,476.3,278.2,133.1
720575940622500172,descending,,DNg74_a,right,GABA,0.51,529.0,304.0,157.3
720575940622516720,visual_projection,,LPLC4,right,ACH,0.82,696.9,193.7,177.6
720575940622517956,central,,"LAL125,LAL108",right,GLUT,0.54,611.5,208.6,36.5
720575940622523508,optic,LO,Li31,right,GABA,0.81,485.8,232.6,89.8
720575940622531767,visual_projection,,LC4,left,ACH,0.51,368.3,265.8,153.8
720575940622552675,central,,CB0009,right,GABA,0.59,592.5,359.8,105.6
720575940622559512,central,,AVLP094,right,GABA,0.65,666.3,304.8,95.5
720575940622560094,visual_projection,,LPLC4,left,ACH,0.72,374.4,211.5,203.0
720575940622667013,visual_projection,,LPLC1,right,ACH,0.63,672.3,221.9,189.6
720575940622670845,visual_projection,,LPLC1,left,ACH,0.59,345.9,176.5,198.3
720575940622673860,descending,,DNp06,left,ACH,0.5,421.3,242.4,132.0
720575940622680088,visual_projection,,LPLC2,left,ACH,0.52,341.0,175.6,192.4
720575940622680724,visual_projection,,LC31b,right,ACH,0.88,641.5,281.5,176.0
720575940622693414,visual_projection,,LC16,left,ACH,0.61,393.0,281.0,190.7
720575940622694217,visual_projection,,LPLC1,left,ACH,0.58,370.9,205.5,203.0
720575940622700201,visual_projection,,LPLC1,right,ACH,0.62,676.8,212.2,193.2
720575940622713929,visual_projection,,LPLC1,right,ACH,0.66,671.8,218.1,190.6
720575940622769159,visual_projection,,LPLC2,right,ACH,0.51,699.8,186.8,169.6
720575940622838154,descending,,DNp01,left,ACH,0.32,441.0,238.5,135.7
720575940622928764,visual_projection,,LC31a,right,ACH,0.89,663.2,295.1,128.1
720575940622932297,visual_projection,,LPLC1,left,ACH,0.56,371.9,207.5,203.0
720575940622939836,visual_projection,,LC4,left,ACH,0.63,355.4,262.5,152.1
720575940622962579,visual_projection,,LC16,right,ACH,0.64,670.9,309.7,114.0
720575940622992205,visual_projection,,LPLC2,right,ACH,0.55,677.0,224.2,176.8
720575940622996579,descending,,DNg40,right,GLUT,0.53,556.3,354.6,130.4
720575940622998627,central,,CB0580,right,GABA,0.74,582.3,296.5,96.8
720575940623019544,descending,,DNa11,right,ACH,0.75,608.8,168.7,83.4
720575940623021292,central,,CB2127,right,ACH,0.89,710.0,203.4,92.2
720575940623026419,visual_projection,,LC16,right,ACH,0.54,678.2,308.0,114.0
720575940623047629,visual_projection,,LPLC2,right,ACH,0.45,673.6,242.0,166.4
720575940623113752,central,,AVLP538,left,DA,0.66,395.5,252.4,174.5
720575940623124467,visual_projection,,LPLC4,right,ACH,0.8,693.9,196.7,176.4
720575940623126419,visual_projection,,LPLC1,right,ACH,0.64,685.8,300.6,190.9
720575940623143060,visual_projection,,LC16,left,ACH,0.51,385.4,294.5,157.3
720575940623179703,visual_projection,,LC16,left,ACH,0.45,376.5,281.1,158.8
720575940623225525,visual_projection,,LPLC1,right,ACH,0.62,679.6,201.1,199.9
720575940623247300,central,,AOTU015a,left,ACH,0.79,451.8,106.7,67.6
720575940623262461,visual_projection,,LPLC2,left,ACH,0.43,392.0,212.3,221.7
720575940623262652,central,,VES071,right,ACH,0.8,558.1,234.6,119.8
720575940623276168,descending,,DNp35,right,ACH,0.76,625.7,203.2,197.4
720575940623333770,visual_projection,,LPLC2,right,ACH,0.54,701.1,176.9,174.8
720575940623368629,visual_projection,,LC16,left,ACH,0.55,400.4,297.7,165.2
720575940623383432,visual_projection,,LPLC4,left,ACH,0.88,387.6,210.7,222.7
720575940623386077,visual_projection,,LTe13,right,ACH,0.87,689.7,285.3,113.6
720575940623426013,central,,PVLP138,left,ACH,0.81,436.1,192.1,172.9
720575940623429645,visual_projection,,LC16,left,ACH,0.44,391.9,298.0,152.2
720575940623455239,central,,CB0527,left,GABA,0.62,495.2,269.8,131.6
720575940623478115,central,,CB0009,left,GABA,0.6,423.8,328.9,151.2
720575940623514467,visual_projection,,LPLC1,left,ACH,0.67,379.0,207.7,213.2
720575940623533749,central,,PS049,left,GABA,0.75,474.6,242.4,134.6
720575940623547431,visual_projection,,LPLC1,right,ACH,0.61,678.3,223.0,176.7
720575940623551684,visual_projection,,LPLC2,left,ACH,0.53,346.9,173.4,193.2
720575940623579063,central,,PVLP137,right,ACH,0.89,635.4,177.5,193.4
720575940623587683,visual_projection,,LPLC1,right,ACH,0.66,677.9,222.8,176.7
720575940623592428,central,,CB3983,right,ACH,0.86,665.0,152.4,85.6
720575940623608361,optic,ME.LO,LMa2,right,GABA,0.72,718.1,252.0,116.3
720575940623637396,visual_projection,,LC31a,right,ACH,0.85,713.8,234.3,132.2
720575940623652083,visual_projection,,LPLC2,left,ACH,0.53,380.4,197.1,224.7
720575940623682195,central,,CL336,left,ACH,0.84,487.8,234.2,89.8
720575940623702345,central,,CB0677,left,GABA,0.87,431.5,330.1,142.7
720575940623767188,central,,CB1932,right,ACH,0.63,623.6,230.3,215.8
720575940623769783,visual_projection,,LPLC2,right,ACH,0.62,704.1,184.3,199.0
720575940623781127,descending,,DNp103,left,ACH,0.66,443.3,215.6,138.8
720575940623784596,central,,CB1688,left,ACH,0.91,399.9,210.5,147.1
720575940623804853,central,,CB0414,right,GABA,0.7,629.5,255.5,121.7
720575940623806157,visual_projection,,LPLC4,right,ACH,0.74,701.6,185.7,182.9
720575940623827348,visual_projection,,LPLC2,left,ACH,0.47,332.7,168.0,197.8
720575940623841816,central,,SAD094,right,ACH,0.87,610.8,234.1,213.7
720575940623878891,central,,CB3114,left,ACH,0.71,463.9,224.3,141.1
720575940623887288,visual_projection,,LPLC1,right,ACH,0.66,678.4,222.5,176.7
720575940623925774,visual_projection,,LPLC2,left,ACH,0.7,374.4,196.3,219.3
720575940623935588,visual_projection,,LPLC1,right,ACH,0.65,677.8,223.2,176.7
720575940623945194,visual_projection,,LPLC4,left,ACH,0.74,373.0,195.1,215.7
720575940623953900,central,,PVLP150,left,ACH,0.88,336.5,238.0,114.6
720575940623957173,central,,PVLP010,left,GLUT,0.55,417.4,119.4,84.5
720575940623961747,visual_projection,,LPLC4,left,ACH,0.71,372.8,205.7,203.0
720575940623969779,visual_projection,,LC16,right,ACH,0.63,678.0,313.6,119.8
720575940623991576,visual_projection,,LPLC1,right,ACH,0.69,672.9,215.2,188.1
720575940624014524,visual_projection,,LPLC2,right,ACH,0.56,682.3,199.8,204.7
720575940624016778,visual_projection,,LPLC2,right,ACH,0.7,677.0,224.0,176.7
720575940624017251,visual_projection,,LC4,left,ACH,0.54,382.7,261.7,169.1
720575940624021325,visual_projection,,LC16,left,ACH,0.54,376.3,289.2,148.3
720575940624038438,optic,ME.LO,LMa2,left,GABA,0.75,327.7,212.5,159.4
720575940624111763,visual_projection,,LC4,left,ACH,0.58,348.1,262.1,142.8
720575940624123536,visual_projection,,LC16,right,ACH,0.49,663.6,312.2,118.6
720575940624140732,visual_projection,,LC16,right,ACH,0.64,666.9,307.5,124.3
720575940624154648,central,,LAL012,right,ACH,0.87,615.9,149.6,46.0
720575940624203972,visual_projection,,LPLC4,left,ACH,0.83,373.9,192.1,217.2
720575940624208824,visual_projection,,LPLC2,left,ACH,0.51,343.2,178.4,193.8
720575940624226963,visual_projection,,LC16,left,ACH,0.61,391.8,277.9,165.2
720575940624231719,central,,CB2371,right,ACH,0.9,670.7,304.8,88.0
720575940624238282,central,,AOTU036,right,GABA,0.46,619.1,196.3,71.0
720575940624244922,visual_projection,,LPLC2,right,ACH,0.52,707.7,184.5,192.4
720575940624269706,central,,AVLP151,left,ACH,0.83,347.0,195.2,106.9
720575940624287821,central,,PLP018,right,GABA,0.76,666.7,300.8,96.0
720575940624305737,visual_projection,,LPLC1,left,ACH,0.65,384.1,213.2,210.5
720575940624349993,descending,,DNp70,left,ACH,0.72,441.9,207.8,136.5
720575940624358152,central,,AVLP396,left,ACH,0.76,330.1,242.0,106.1
720575940624359093,visual_projection,,LPLC2,left,ACH,0.44,372.9,194.0,219.6
720575940624391816,central,,AOTU015a,left,ACH,0.74,426.1,140.2,65.4
720575940624395528,central,,CL286,left,ACH,0.78,350.9,170.2,193.9
720575940624412222,visual_projection,,LC16,left,ACH,0.47,405.0,295.8,165.5
720575940624417584,visual_projection,,LPLC2,left,ACH,0.48,378.3,194.5,227.5
720575940624434323,central,,VES005,right,ACH,0.91,606.4,166.9,83.4
720575940624530835,visual_projection,,LPLC1,left,ACH,0.67,358.6,181.4,197.3
720575940624531652,visual_projection,,LPLC2,left,ACH,0.51,321.2,226.4,189.5
720575940624537284,descending,,DNge124,left,ACH,0.79,423.1,295.3,198.0
720575940624574100,central,,CB2458,right,ACH,0.8,686.5,224.5,63.7
720575940624579100,central,,AOTU015a,right,ACH,0.78,617.9,145.0,46.0
720575940624588070,visual_projection,,LPLC1,left,ACH,0.6,383.4,203.8,221.8
720575940624593982,visual_projection,,LC16,right,ACH,0.62,660.9,320.6,121.7
720575940624611002,visual_projection,,LPLC2,right,ACH,0.43,695.8,192.1,169.8
720575940624676861,visual_projection,,LPLC4,right,ACH,0.8,701.4,187.6,188.2
720575940624710653,central,,CB0543,right,GABA,0.87,635.1,324.9,143.3
720575940624743946,central,,CB2305,left,ACH,0.69,418.9,240.3,144.7
720575940624755504,visual_projection,,LPLC2,left,ACH,0.5,351.9,178.9,197.6
720575940624758361,central,,CB0079,left,GABA,0.77,458.9,289.4,100.0
720575940624790781,visual_projection,,LC4,right,ACH,0.66,672.2,281.9,133.2
720575940624827737,visual_projection,,LPLC1,right,ACH,0.59,673.8,221.4,185.0
720575940624846517,central,,WED125,left,ACH,0.74,467.8,187.6,194.2
720575940624856762,visual_projection,,LC4,right,ACH,0.65,696.0,256.5,135.9
720575940624864585,visual_projection,,LPLC4,left,ACH,0.81,354.9,228.6,220.4
720575940624868196,visual_projection,,LPLC1,right,ACH,0.66,677.8,225.7,176.7
720575940624903064,visual_projection,,LPLC2,right,ACH,0.44,705.1,185.3,195.1
720575940624915128,central,,WED015,right,GABA,0.83,658.0,309.4,88.2
720575940624919077,visual_projection,,LPLC2,right,ACH,0.47,711.7,183.1,192.9
720575940624923655,central,,PVLP114,right,ACH,0.86,634.9,226.3,215.8
720575940624924990,visual_projection,,LPLC1,right,ACH,0.68,669.9,232.0,203.3
720575940624931530,visual_projection,,LPLC2,right,ACH,0.77,699.3,189.4,185.4
720575940624931888,visual_projection,,LT1b,left,ACH,0.73,321.0,204.3,128.5
720575940624983531,visual_projection,,LC16,right,ACH,0.64,677.4,307.7,118.7
720575940624991527,central,,CB0200,left,GLUT,0.62,426.6,325.5,123.3
720575940625001735,visual_projection,,LPLC2,right,ACH,0.46,709.0,181.3,194.2
720575940625031426,visual_projection,,LPLC1,left,ACH,0.6,373.2,208.6,203.0
720575940625038090,visual_projection,,LC4,left,ACH,0.57,393.2,257.0,182.2
720575940625159677,central,,PS018b,right,ACH,0.87,608.7,167.4,83.4
720575940625175068,visual_projection,,LPLC1,left,ACH,0.64,380.3,201.8,213.0
720575940625185149,central,,WED029,left,GABA,0.73,417.9,247.8,99.7
720575940625194558,central,,CB3513a,right,GABA,0.74,607.9,207.0,109.3
720575940625216202,visual_projection,,LPLC2,left,ACH,0.44,360.1,190.5,197.0
720575940625307748,visual_projection,,LC16,left,ACH,0.64,369.0,279.4,150.4
720575940625318804,visual_projection,,LPLC1,right,ACH,0.68,669.2,216.0,189.7
720575940625369884,visual_projection,,LPLC1,left,ACH,0.63,373.5,209.0,203.0
720575940625395864,visual_projection,,LPLC4,right,ACH,0.77,679.2,219.7,176.8
720575940625400420,central,,PS233,left,ACH,0.86,475.3,210.5,112.0
720575940625447994,central,,VES007,right,ACH,0.84,609.4,167.3,83.4
720575940625477721,visual_projection,,LPLC2,left,ACH,0.55,365.4,181.7,220.7
720575940625502666,descending,,DNa13,right,ACH,0.78,608.3,169.4,83.4
720575940625518736,central,,CL248,right,GABA,0.52,556.2,126.4,146.4
720575940625556668,visual_projection,,LPLC4,right,ACH,0.81,706.6,181.8,170.3
720575940625563623,central,,PS088,right,GABA,0.81,438.9,155.7,99.7
720575940625574844,visual_projection,,LPLC4,left,ACH,0.82,342.2,238.9,214.0
720575940625648009,visual_projection,,LC16,right,ACH,0.7,657.8,313.6,129.3
720575940625656980,central,,PVLP151,left,ACH,0.85,322.1,188.4,132.5
720575940625673196,descending,,DNp71,left,ACH,0.92,440.8,200.2,137.2
720575940625689236,visual_projection,,LPLC1,right,ACH,0.62,678.7,222.4,176.8
720575940625694034,central,,"PVLP004,PVLP005",right,GLUT,0.46,669.1,141.4,79.9
720575940625695269,visual_projection,,LPLC2,left,ACH,0.47,354.5,185.9,193.7
720575940625697772,visual_projection,,LPLC2,left,ACH,0.52,332.7,170.9,195.8
720575940625700739,visual_projection,,LPLC2,left,ACH,0.4,387.9,212.5,216.2
720575940625735185,central,,CB2352,left,ACH,0.8,469.3,187.1,194.2
720575940625835278,visual_projection,,LPLC2,right,ACH,0.5,699.6,197.5,166.3
720575940625841351,visual_projection,,LC4,right,ACH,0.67,670.6,279.8,135.9
720575940625845447,visual_projection,,LC4,right,ACH,0.61,672.0,285.9,130.8
720575940625871768,visual_projection,,LC16,right,ACH,0.55,662.1,312.0,121.8
720575940625878160,descending,,DNb01,left,GLUT,0.86,426.0,239.6,91.1
720575940625906702,visual_projection,,LC4,right,ACH,0.62,716.1,239.9,127.7
720575940625925450,visual_projection,,LPLC4,left,ACH,0.78,373.0,206.3,203.0
720575940625932421,visual_projection,,LC4,right,ACH,0.63,682.3,282.0,122.8
720575940625934973,visual_projection,,LC4,left,ACH,0.54,382.1,264.0,167.1
720575940625952755,optic,LO,Li33,right,GABA,0.86,486.2,232.0,89.7
720575940625962242,central,,CB0433,right,GLUT,0.75,560.3,342.6,130.5
720575940625991043,visual_projection,,LC4,left,ACH,0.59,385.2,252.7,173.0
720575940626009852,descending,,DNp05,right,ACH,0.75,602.1,207.5,210.3
720575940626013315,central,,PS010,left,ACH,0.79,438.1,156.4,99.7
720575940626013958,central,,AVLP202,right,GABA,0.6,627.0,237.0,136.0
720575940626023153,central,,"LAL028, LAL029",right,ACH,0.79,616.5,149.5,46.0
720575940626041240,central,,PVLP006,left,GLUT,0.68,400.3,162.5,144.2
720575940626046919,central,,AVLP429,right,ACH,0.84,722.5,234.7,77.0
720575940626093720,central,,CB1932,right,ACH,0.72,645.3,226.7,169.5
720575940626138701,central,,CB0556,left,GABA,0.59,457.7,290.4,100.0
720575940626139175,central,,CB1852,right,ACH,0.9,709.5,203.6,92.3
720575940626148371,visual_projection,,LC16,right,ACH,0.65,660.7,311.3,119.2
720575940626161930,visual_projection,,LPLC2,right,ACH,0.52,678.6,224.1,176.7
720575940626201933,optic,ME.LO,LMa2,left,GABA,0.72,356.4,289.4,140.1
720575940626226576,visual_projection,,LPLC1,right,ACH,0.69,679.0,222.7,176.8
720575940626236041,visual_projection,,LPLC2,left,ACH,0.49,373.8,255.9,211.3
720575940626260490,visual_projection,,LPLC1,left,ACH,0.59,385.0,214.3,217.0
720575940626309562,visual_projection,,LT61b,left,ACH,0.88,327.0,194.7,131.7
720575940626324755,visual_projection,,LPLC1,right,ACH,0.72,678.0,224.9,176.7
720575940626371465,visual_projection,,LC16,left,ACH,0.36,402.5,296.5,162.6
720575940626375172,visual_projection,,LPLC2,left,ACH,0.51,341.6,256.0,187.2
720575940626384200,visual_projection,,LPLC2,left,ACH,0.68,348.3,178.7,192.5
720575940626408454,visual_projection,,LPLC4,left,ACH,0.8,372.5,207.4,203.0
720575940626414279,visual_projection,,LPLC2,left,ACH,0.53,391.6,217.6,215.2
720575940626435850,visual_projection,,LPLC4,left,ACH,0.81,385.7,203.3,219.7
720575940626447848,visual_projection,,LPLC2,right,ACH,0.44,677.0,223.5,176.7
720575940626462184,visual_projection,,LC16,left,ACH,0.48,378.1,290.7,151.3
720575940626463570,visual_projection,,LC16,right,ACH,0.69,660.4,306.7,126.3
720575940626465542,central,,PVLP006,right,GLUT,0.73,670.2,141.8,79.9
720575940626507408,visual_projection,,LPLC1,right,ACH,0.69,678.5,224.4,176.7
720575940626510869,visual_projection,,LPLC1,right,ACH,0.62,681.5,206.1,187.4
720575940626517129,visual_projection,,LC16,right,ACH,0.56,650.6,323.6,125.1
720575940626535973,central,,PLP096,right,ACH,0.9,697.0,197.1,158.1
720575940626542985,visual_projection,,LC16,left,ACH,0.5,395.1,297.2,153.5
720575940626553596,visual_projection,,LC4,right,ACH,0.61,675.2,285.5,126.0
720575940626575997,central,,WED125,right,ACH,0.71,580.8,201.8,150.5
720575940626583056,central,,CB0352,right,GABA,0.74,610.9,206.4,109.3
720575940626605200,visual_projection,,LC4,left,ACH,0.59,384.2,267.3,163.3
720575940626611026,visual_projection,,LC16,right,ACH,0.68,667.3,310.1,121.3
720575940626617084,visual_projection,,LPLC2,left,ACH,0.58,386.9,217.7,219.5
720575940626626895,visual_projection,,LC4,left,ACH,0.55,342.1,256.8,141.1
720575940626630693,visual_projection,,LPT48_vCal3,right,ACH,0.89,658.8,209.1,188.4
720575940626661704,visual_projection,,LPLC1,right,ACH,0.59,677.8,224.0,176.7
720575940626663953,central,,AVLP340,left,ACH,0.88,353.8,267.6,115.7
720575940626667270,visual_projection,,LPLC1,left,ACH,0.65,385.3,210.4,210.4
720575940626677097,central,,PVLP074,right,ACH,0.86,671.5,314.6,101.0
720575940626688772,central,,PS203a,right,ACH,0.79,606.5,185.3,217.2
720575940626693130,central,,PS057,right,GLUT,0.74,692.8,219.7,49.0
720575940626721881,visual_projection,,LPLC1,left,ACH,0.65,376.6,201.1,215.9
720575940626730883,descending,,DNg97,left,ACH,0.8,474.4,357.8,112.7
720575940626735016,visual_projection,,LPLC2,right,ACH,0.74,678.6,224.3,176.8
720575940626738565,central,,PLP228,left,ACH,0.84,462.5,216.4,221.3
720575940626742769,visual_projection,,LC16,left,ACH,0.54,389.0,276.9,163.6
720575940626745392,visual_projection,,LPLC2,right,ACH,0.59,698.0,194.4,162.5
720575940626749061,visual_projection,,LTe13,left,ACH,0.88,338.7,263.5,141.7
720575940626774037,central,,CB2458,right,ACH,0.79,660.1,223.1,77.7
720575940626774863,central,,CB3201,right,ACH,0.84,673.0,302.8,93.6
720575940626818085,central,,PVLP141,right,ACH,0.75,597.5,201.9,202.0
720575940626861104,central,,AVLP477,right,ACH,0.78,540.1,188.0,28.6
720575940626863107,visual_projection,,LC31a,right,ACH,0.85,657.9,289.1,139.9
720575940626865148,visual_projection,,LPLC1,left,ACH,0.65,382.6,208.1,215.7
720575940626869946,optic,ME.LO,LMa2,left,GABA,0.73,351.1,287.7,145.3
720575940626873000,visual_projection,,LPLC2,right,ACH,0.49,702.9,184.4,185.4
720575940626887080,central,,CB1688,left,ACH,0.91,341.3,184.4,137.0
720575940626901136,descending,,DNg40,left,GLUT,0.52,478.3,312.8,149.4
720575940626916936,visual_projection,,LC4,left,ACH,0.63,338.8,228.3,164.9
720575940626977947,central,,PVLP120,right,ACH,0.91,641.0,223.6,169.5
720575940627030790,visual_projection,,LC16,left,ACH,0.52,396.4,294.9,157.6
720575940627033672,visual_projection,,LPLC4,right,ACH,0.75,679.3,219.3,176.8
720575940627066884,visual_projection,,LC16,right,ACH,0.68,671.7,290.8,130.0
720575940627069416,visual_projection,,"LT53,PLP098",left,ACH,0.84,380.9,191.8,187.2
720575940627069712,visual_projection,,LTe65,right,ACH,0.84,605.3,196.1,191.5
720575940627083397,central,,PVLP150,right,ACH,0.92,697.3,286.5,69.9
720575940627094696,central,,LAL027,right,ACH,0.81,615.6,149.1,46.0
720575940627096957,central,,CB0010,right,GABA,0.56,561.1,334.3,133.2
720575940627100176,visual_projection,,LC16,left,ACH,0.41,398.3,283.0,171.9
720575940627111752,central,,PVLP019,right,GABA,0.87,614.5,212.6,86.8
720575940627118282,central,,CB1986,left,ACH,0.87,341.9,278.8,125.8
720575940627144138,central,,LAL025,right,ACH,0.78,615.9,148.4,46.0
720575940627149514,visual_projection,,LPLC4,left,ACH,0.74,373.3,220.7,189.6
720575940627174404,central,,CB1688,right,ACH,0.92,708.8,202.8,92.2
720575940627179270,visual_projection,,LC16,left,ACH,0.55,389.9,293.3,161.1
720575940627204362,central,,PS011,left,ACH,0.88,477.5,223.7,131.1
720575940627206842,central,,AVLP500,right,ACH,0.86,642.6,225.0,169.5
720575940627231400,central,,LAL026,right,ACH,0.84,615.6,148.4,46.0
720575940627253604,central,,VES041,left,GABA,0.84,516.1,231.1,111.5
720575940627279134,visual_projection,,LPLC1,right,ACH,0.7,678.8,221.2,176.8
720575940627291140,central,,PVLP128,right,ACH,0.84,642.4,224.3,169.4
720575940627348617,optic,bilateral,H1,right,GABA,0.55,703.4,174.0,89.2
720575940627368254,visual_projection,,LPLC2,left,ACH,0.43,369.8,187.0,223.5
720575940627384851,central,,IB068,right,ACH,0.87,606.8,208.0,218.0
720575940627427015,visual_projection,,LPLC1,right,ACH,0.63,672.2,214.4,193.2
720575940627471619,visual_projection,,LPLC4,left,ACH,0.75,373.3,206.1,203.0
720575940627488540,visual_projection,,LT74,left,GLUT,0.76,407.4,232.8,226.7
720575940627497244,optic,LO,Li33,left,GABA,0.88,625.3,191.8,55.0
720575940627519107,visual_projection,,LC4,left,ACH,0.58,329.8,226.9,156.3
720575940627553923,visual_projection,,LPLC2,right,ACH,0.55,692.6,202.4,167.9
720575940627555197,visual_projection,,LPLC1,left,ACH,0.6,389.2,212.7,219.4
720575940627639528,central,,CB0564,right,GLUT,0.65,638.3,322.5,146.5
720575940627645514,descending,,DNp03,left,ACH,0.67,483.2,139.6,168.2
720575940627652358,descending,,DNp09,right,ACH,0.9,634.6,198.4,212.0
720575940627685765,visual_projection,,LPLC2,left,ACH,0.63,391.4,256.9,217.8
720575940627715870,central,,PS065,right,GABA,0.76,590.0,298.8,44.9
720575940627717246,central,,LAL026,right,ACH,0.82,617.5,150.3,46.0
720575940627717314,central,,CB1426,right,ACH,0.79,581.5,199.9,150.5
720575940627787609,descending,,DNa01,left,ACH,0.71,482.6,275.8,171.4
720575940627796298,central,,AVLP080,left,GABA,0.72,344.9,154.0,141.5
720575940627806992,visual_projection,,LPLC1,left,ACH,0.61,390.0,214.6,216.1
720575940627848196,central,,CB2281,right,ACH,0.83,687.1,225.2,63.7
720575940627852563,visual_projection,,LPLC4,right,ACH,0.82,705.1,188.1,178.5
720575940627874832,visual_projection,,LC16,right,ACH,0.6,671.4,307.4,118.7
720575940627902078,visual_projection,,LPLC2,left,ACH,0.57,383.1,260.0,211.2
720575940627902979,visual_projection,,LPLC2,right,ACH,0.49,711.2,181.5,178.6
720575940627910021,visual_projection,,LPLC1,right,ACH,0.66,672.9,224.8,186.6
720575940628039034,visual_projection,,LPLC2,right,ACH,0.54,697.6,193.6,166.3
720575940628064260,visual_projection,,LC4,left,ACH,0.6,370.2,280.5,179.8
720575940628069501,optic,LO,Li32,left,GABA,0.64,363.2,257.4,164.2
720575940628073085,visual_projection,,LPLC4,right,ACH,0.75,688.4,202.2,177.9
720575940628081541,visual_projection,,LC4,left,ACH,0.6,384.6,264.4,170.2
720575940628120744,visual_projection,,LT82b,right,ACH,0.76,696.7,198.9,158.1
720575940628145257,visual_projection,,LPLC4,right,ACH,0.8,677.5,223.5,176.7
720575940628169219,central,,AVLP479,left,GABA,0.71,372.6,257.8,146.8
720575940628197892,visual_projection,,LPLC2,right,ACH,0.46,678.9,224.3,176.8
720575940628215558,central,,CL038,right,GLUT,0.7,552.3,118.4,77.5
720575940628251146,optic,LO,Li24,right,GABA,0.7,713.0,254.0,130.1
720575940628255621,visual_projection,,LPLC4,right,ACH,0.76,706.1,183.7,183.6
720575940628258577,optic,LO,Li24,left,GABA,0.6,325.0,240.5,141.4
720575940628300076,central,,CB1932,left,ACH,0.69,397.2,219.4,171.6
720575940628307026,optic,LOP>ME.LO,Am1,right,GABA,0.88,649.4,271.3,207.1
720575940628308904,visual_projection,,LC16,right,ACH,0.67,661.0,318.5,119.5
720575940628309160,visual_projection,,LC16,right,ACH,0.7,665.3,306.4,122.3
720575940628309416,visual_projection,,LC16,right,ACH,0.61,683.5,295.4,122.4
720575940628324802,visual_projection,,LPLC1,left,ACH,0.56,362.2,187.2,208.0
720575940628348265,central,,AVLP280,right,ACH,0.94,608.1,206.0,109.2
720575940628352850,descending,,DNb05,left,ACH,0.87,505.5,269.2,46.8
720575940628356666,visual_projection,,"LT53,PLP098",left,ACH,0.78,368.7,199.4,185.1
720575940628376586,central,,AVLP189_b,right,ACH,0.83,687.7,225.1,63.7
720575940628395797,visual_projection,,LPLC2,left,ACH,0.47,390.2,217.1,219.7
720575940628419527,visual_projection,,LC4,right,ACH,0.63,684.6,275.5,122.3
720575940628436839,central,,AVLP202,left,GABA,0.49,429.2,226.8,149.5
720575940628437291,descending,,DNp35,left,ACH,0.8,445.2,200.1,141.5
720575940628446010,central,,CB0021,right,GABA,0.71,599.0,287.7,83.3
720575940628454522,visual_projection,,LC4,left,ACH,0.59,381.3,266.6,159.0
720575940628456196,visual_projection,,LC16,right,ACH,0.66,657.3,320.4,120.2
720575940628462340,visual_projection,,LC4,left,ACH,0.58,387.0,265.9,172.6
720575940628463468,visual_projection,,LC31b,right,ACH,0.86,644.2,282.2,169.2
720575940628473214,visual_projection,,LPLC1,right,ACH,0.62,678.5,222.2,176.7
720575940628499582,visual_projection,,LC16,left,ACH,0.48,380.8,298.7,153.0
720575940628513015,visual_projection,,LC16,left,ACH,0.53,391.7,298.9,156.0
720575940628518400,visual_projection,,LC4,right,ACH,0.65,677.5,288.9,123.3
720575940628523113,visual_projection,,LPLC4,left,ACH,0.75,371.1,191.6,220.1
720575940628532623,optic,ME.LO,LMa2,left,GABA,0.78,356.2,290.1,146.1
720575940628537852,central,,CB0431,right,ACH,0.7,602.5,247.8,208.9
720575940628545406,visual_projection,,LC16,left,ACH,0.48,378.9,289.2,153.4
720575940628552247,visual_projection,,LPLC2,left,ACH,0.74,383.1,206.1,225.2
720575940628561767,central,,"LAL028, LAL029",left,ACH,0.83,440.3,158.7,104.4
720575940628579066,central,,PVLP123c,right,ACH,0.71,560.7,225.8,142.9
720575940628599895,visual_projection,,LC4,right,ACH,0.58,667.8,281.5,133.3
720575940628603842,visual_projection,,LPLC2,right,ACH,0.6,710.0,184.6,166.9
720575940628606713,visual_projection,,LC4,right,ACH,0.6,668.0,284.9,130.1
720575940628627867,descending,,DNbe003,right,ACH,0.84,556.2,285.9,23.8
720575940628641127,central,,CL140,left,GABA,0.78,407.5,187.7,208.2
720575940628678991,central,,WED125,right,ACH,0.74,600.4,191.5,194.8
720575940628699560,visual_projection,,LC4,left,ACH,0.56,344.8,226.7,168.2
720575940628716294,visual_projection,,LPLC1,left,ACH,0.61,397.2,290.3,190.6
720575940628778058,visual_projection,,LPLC2,right,ACH,0.61,678.4,206.0,198.2
720575940628779898,central,,CB3114,left,ACH,0.71,464.2,223.5,139.8
720575940628789374,visual_projection,,LC16,right,ACH,0.67,661.0,315.6,120.3
720575940628793621,central,,PVLP017,left,GABA,0.69,378.7,244.0,149.2
720575940628847164,visual_projection,,LPLC2,left,ACH,0.52,383.3,250.1,224.0
720575940628849668,visual_projection,,LPLC2,right,ACH,0.5,694.6,192.3,173.6
720575940628851697,optic,LO>ME,LMa1,right,GLUT,0.58,638.4,290.0,195.1
720575940628883535,descending,,DNge099,right,GLUT,0.61,515.7,327.6,231.9
720575940628884486,visual_projection,,LPLC1,right,ACH,0.64,668.5,215.8,195.0
720575940628884496,descending,,DNp03,right,ACH,0.65,574.4,141.5,160.8
720575940628891863,visual_projection,,LC4,right,ACH,0.55,685.4,281.2,120.3
720575940628921303,visual_projection,,LPLC2,left,ACH,0.51,388.6,217.8,216.9
720575940628976956,visual_projection,,LPLC2,left,ACH,0.54,366.7,226.1,219.6
720575940628990214,visual_projection,,LPLC2,right,ACH,0.48,681.8,210.3,181.2
720575940628995884,visual_projection,,LC16,left,ACH,0.51,379.7,290.1,147.4
720575940628998396,visual_projection,,LPLC1,right,ACH,0.6,677.3,210.0,190.2
720575940629047340,visual_projection,,LPLC1,left,ACH,0.61,382.4,205.0,215.8
720575940629065078,central,,CB1852,right,ACH,0.91,709.6,203.4,92.2
720575940629123454,central,,CB0564,left,GLUT,0.65,411.8,304.4,157.4
720575940629177655,central,,LAL053,left,GLUT,0.74,455.2,228.7,97.0
720575940629179900,optic,LO,Li24,left,GABA,0.67,351.4,289.0,136.4
720575940629192975,central,,PVLP021,right,GABA,0.76,611.2,206.0,109.2
720575940629245937,visual_projection,,LPLC1,left,ACH,0.61,329.5,238.8,205.7
720575940629249783,central,,AVLP531,left,GABA,0.84,390.7,247.4,174.2
720575940629256779,central,,PVLP019,left,GABA,0.85,392.5,222.5,68.8
720575940629292785,visual_projection,,LPLC2,left,ACH,0.49,348.4,174.7,198.9
720575940629310970,central,,PVLP123c,left,ACH,0.73,418.5,220.4,151.0
720575940629320010,visual_projection,,LPLC4,left,ACH,0.83,348.1,189.9,203.4
720575940629325611,visual_projection,,LPLC1,right,ACH,0.65,670.3,220.9,193.2
720575940629327659,descending,,DNa02,left,ACH,0.79,460.5,239.6,128.5
720575940629357676,visual_projection,,LPLC4,right,ACH,0.82,712.4,182.5,186.1
720575940629357932,visual_projection,,LPLC4,right,ACH,0.84,676.6,219.3,178.0
720575940629358321,central,,AVLP500,left,ACH,0.83,417.3,220.9,196.6
720575940629368015,visual_projection,,LPLC2,left,ACH,0.71,386.3,206.3,222.4
720575940629378754,central,,CB0076,left,GABA,0.56,490.1,359.7,135.8
720575940629382903,central,,PVLP008,left,GLUT,0.72,383.9,126.6,109.3
720575940629384271,visual_projection,,LPLC2,right,ACH,0.53,694.3,199.8,167.2
720575940629426025,central,,PLP034,left,GLUT,0.77,351.9,189.4,170.0
720575940629437178,central,,CL316,right,GABA,0.71,673.7,179.2,192.5
720575940629437545,central,,LAL054,right,GLUT,0.67,684.3,223.4,63.7
720575940629461442,descending,,DNb05,right,ACH,0.89,545.7,283.0,51.4
720575940629473847,central,,AVLP575,right,ACH,0.77,654.3,208.9,178.2
720575940629478956,central,,CB1986,right,ACH,0.88,701.2,261.3,87.2
720575940629489116,visual_projection,,LPLC1,right,ACH,0.69,674.9,215.5,191.2
720575940629489414,central,,CB2700,left,GABA,0.89,398.4,300.9,155.5
720575940629493356,visual_projection,,LC16,right,ACH,0.64,665.8,309.3,118.7
720575940629502251,descending,,DNbe007,right,ACH,0.8,551.5,284.7,31.5
720575940629513222,optic,LOP>ME.LO,Am1,left,GABA,0.85,359.8,230.9,263.9
720575940629513478,central,,AVLP538,right,DA,0.67,669.9,209.0,179.4
720575940629517049,visual_projection,,LPLC4,right,ACH,0.8,700.9,192.9,174.0
720575940629525882,visual_projection,,LTe65,right,ACH,0.86,594.7,195.6,179.8
720575940629547991,central,,"LAL160,LAL161",left,ACH,0.78,493.8,208.4,77.0
720575940629602871,central,,PVLP122b,left,ACH,0.67,426.2,220.0,147.3
720575940629638186,central,,"PVLP004,PVLP005",right,GLUT,0.54,666.4,143.2,79.9
720575940629638443,visual_projection,,LPLC1,left,ACH,0.56,385.2,210.9,213.5
720575940629640960,visual_projection,,LC16,right,ACH,0.72,659.3,317.9,125.1
720575940629661381,visual_projection,,LPLC1,left,ACH,0.58,369.9,202.1,203.0
720575940629677112,central,,CB3400,right,ACH,0.86,669.8,310.0,92.2
720575940629701737,central,,CB0010,left,GABA,0.56,444.6,350.0,125.3
720575940629753807,visual_projection,,LC4,left,ACH,0.53,336.9,216.5,167.0
720575940629757036,descending,,DNp04,right,ACH,0.86,617.4,213.7,208.4
720575940629766266,central,,CB0021,left,GABA,0.71,438.8,295.5,50.1
720575940629766615,central,,CB0013,right,GABA,0.46,588.2,316.7,58.6
720575940629768722,central,,PLP228,right,ACH,0.81,611.0,211.7,215.8
720575940629777018,descending,,DNp11,right,ACH,0.72,650.6,221.0,144.3
720575940629778587,visual_projection,,LPLC1,left,ACH,0.6,390.2,220.3,220.1
720575940629787223,visual_projection,,LPLC1,right,ACH,0.61,678.1,223.4,176.7
720575940629961219,central,,LAL010,left,ACH,0.85,472.6,212.2,118.2
720575940629964591,visual_projection,,LC4,right,ACH,0.61,664.0,281.7,142.5
720575940629967703,visual_projection,,LPLC2,right,ACH,0.54,699.1,184.2,182.0
720575940629986816,central,,CL092,right,ACH,0.88,698.9,191.6,56.5
720575940629996741,visual_projection,,LC16,left,ACH,0.57,379.4,280.4,150.7
720575940630006521,visual_projection,,LT62,right,ACH,0.91,718.5,240.5,76.4
720575940630006636,central,,PLP092,right,ACH,0.87,706.0,177.7,170.7
720575940630072364,central,,CB1958,left,GLUT,0.65,456.6,188.1,199.0
720575940630085583,descending,,DNa03,right,ACH,0.87,607.2,169.5,83.4
720575940630086698,central,,AVLP258,right,ACH,0.86,690.4,231.9,85.5
720575940630154660,visual_projection,,LC4,right,ACH,0.63,668.9,277.1,135.7
720575940630209603,visual_projection,,LPLC2,left,ACH,0.5,383.7,202.7,229.4
720575940630222812,central,,PS020,left,ACH,0.9,483.4,230.1,143.9
720575940630291767,descending,,DNge046,left,GABA,0.59,446.3,341.0,183.5
720575940630308163,visual_projection,,LC16,left,ACH,0.43,372.4,292.3,143.2
720575940630318533,central,,PVLP069,right,ACH,0.84,688.1,280.2,98.0
720575940630321464,visual_projection,,LPLC4,left,ACH,0.86,373.2,206.5,203.0
720575940630357886,visual_projection,,LC16,left,ACH,0.57,364.2,280.4,152.8
720575940630385000,visual_projection,,LTe65,left,ACH,0.85,442.3,189.8,210.0
720575940630420281,visual_projection,,LPLC1,left,ACH,0.58,386.0,207.8,215.3
720575940630460663,central,,PVLP006,left,GLUT,0.74,400.8,170.3,145.9
720575940630484495,visual_projection,,LC4,left,ACH,0.68,336.5,214.8,164.9
720575940630538362,visual_projection,,LC16,left,ACH,0.57,379.4,293.5,150.7
720575940630607738,descending,,DNae007,left,ACH,0.75,474.0,241.4,120.9
720575940630650936,visual_projection,,LPLC2,right,ACH,0.55,701.6,189.1,180.6
720575940630657015,central,,PS232,left,ACH,0.73,482.8,219.0,109.2
720575940630657271,central,,IB061,right,ACH,0.87,604.1,199.2,214.2
720575940630719831,visual_projection,,LPLC2,right,ACH,0.73,675.2,212.6,189.7
720575940630731847,visual_projection,,LPLC2,left,ACH,0.79,389.6,219.2,222.7
720575940630733884,central,,PVLP015,right,GLUT,0.6,689.6,223.7,63.7
720575940630742521,central,,PVLP008,right,GLUT,0.61,668.2,143.4,79.9
720575940630745148,visual_projection,,LPLC4,right,ACH,0.75,691.3,197.4,174.8
720575940630758418,descending,,DNb01,right,GLUT,0.76,618.1,252.7,69.2
720575940630831185,visual_projection,,LPLC2,left,ACH,0.59,344.2,170.3,193.5
720575940630851036,visual_projection,,LC4,left,ACH,0.62,381.1,266.3,162.7
720575940630883897,visual_projection,,LC16,right,ACH,0.59,668.8,310.3,117.6
720575940630914863,visual_projection,,LC16,left,ACH,0.55,393.0,294.7,157.8
720575940630998339,visual_projection,,LC4,left,ACH,0.6,367.2,263.4,157.0
720575940631032657,visual_projection,,LC4,right,ACH,0.56,689.5,281.9,122.0
720575940631059501,visual_projection,,LPLC1,right,ACH,0.69,677.0,225.1,176.8
720575940631082808,descending,,MDN,left,ACH,0.78,526.0,119.0,123.3
720575940631086151,visual_projection,,LC16,right,ACH,0.61,663.1,308.6,124.0
720575940631091407,descending,,DNge099,left,GLUT,0.61,503.4,311.3,154.5
720575940631095158,visual_projection,,LPLC2,right,ACH,0.53,695.0,192.3,186.0
720575940631122191,descending,,DNp43,left,ACH,0.92,465.3,190.8,136.2
720575940631123759,visual_projection,,LPLC1,right,ACH,0.64,677.6,224.5,176.8
720575940631124598,visual_projection,,LC16,right,ACH,0.62,668.6,307.2,117.4
720575940631153491,visual_projection,,LC16,right,ACH,0.67,659.3,313.3,123.2
720575940631158487,visual_projection,,LTe76,left,ACH,0.91,427.8,212.8,211.5
720575940631165814,visual_projection,,LC16,right,ACH,0.72,674.6,290.6,126.7
720575940631176151,central,,IB114,right,GABA,0.78,620.4,210.4,198.7
720575940631189817,central,,PLP229,right,ACH,0.82,599.5,215.0,213.5
720575940631230508,visual_projection,,LC16,right,ACH,0.66,663.8,309.7,120.8
720575940631233581,visual_projection,,LC16,left,ACH,0.51,390.1,293.4,149.4
720575940631282732,central,,PS020,right,ACH,0.92,608.5,166.8,83.4
720575940631283512,central,,CB0556,right,GABA,0.63,586.1,296.8,90.8
720575940631312428,visual_projection,,LPLC2,right,ACH,0.57,694.1,195.0,170.3
720575940631335528,central,,PS001,right,GABA,0.71,706.8,194.1,106.6
720575940631338271,visual_projection,,LC4,left,ACH,0.56,370.4,265.2,160.0
720575940631380695,visual_projection,,LPLC2,left,ACH,0.58,358.9,189.5,194.1
720575940631383400,central,,PLP029,left,GLUT,0.67,356.1,207.7,109.1
720575940631397549,visual_projection,,LPLC2,right,ACH,0.54,700.0,190.6,166.0
720575940631414223,visual_projection,,LC16,right,ACH,0.71,653.1,320.9,125.2
720575940631450669,visual_projection,,LPLC1,left,ACH,0.54,378.3,205.4,215.5
720575940631501676,optic,ME.LO,LMa2,right,GABA,0.73,712.0,273.7,102.6
720575940631517251,central,,AOTU019,right,GABA,0.6,613.5,186.5,23.7
720575940631534161,central,,PVLP112b,right,GABA,0.78,671.2,211.9,181.0
720575940631576367,visual_projection,,LC16,left,ACH,0.56,374.2,291.4,146.6
720575940631582751,visual_projection,,LPLC2,right,ACH,0.44,677.2,209.2,196.9
720575940631587641,central,,CB3983,left,ACH,0.83,402.1,169.4,147.7
720575940631617017,central,,VES064,left,GLUT,0.66,437.3,190.4,226.1
720575940631625979,central,,LAL016,left,ACH,0.89,433.8,142.8,79.2
720575940631642937,central,,CB3114,right,ACH,0.71,580.6,201.4,150.5
720575940631663052,central,,CB3400,left,ACH,0.84,371.2,274.4,124.6
720575940631693610,central,,AMMC-A1,right,ACH,0.34,615.8,227.3,130.6
720575940631742405,visual_projection,,LPLC2,right,ACH,0.59,679.0,220.7,176.7
720575940631770593,central,,CB0431,left,ACH,0.69,457.2,200.5,198.4
720575940631839457,central,,"LAL028, LAL029",right,ACH,0.83,617.0,149.2,46.0
720575940631842360,central,,LHAD1g1,right,GABA,0.62,726.9,154.2,110.3
720575940631914700,central,,CB2305,right,ACH,0.74,639.1,256.5,128.9
720575940632005573,visual_projection,,LPLC1,right,ACH,0.65,672.9,211.4,193.6
720575940632009167,visual_projection,,LPLC2,left,ACH,0.56,388.6,214.6,226.9
720575940632040652,central,,CB1688,right,ACH,0.9,709.3,203.7,92.2
720575940632080146,visual_projection,,LPLC2,left,ACH,0.52,344.6,177.5,191.6
720575940632080977,central,,PLP163,left,ACH,0.75,444.7,223.6,223.8
720575940632086573,visual_projection,,LPLC1,left,ACH,0.62,377.5,208.7,209.5
720575940632086599,central,,AVLP176_c,left,ACH,0.77,345.6,203.4,109.1
720575940632108257,visual_projection,,LC16,left,ACH,0.5,394.0,296.6,155.9
720575940632129848,visual_projection,,LPLC2,left,ACH,0.59,359.6,184.6,197.8
720575940632137517,central,,CB1119,left,ACH,0.88,414.7,221.1,196.6
720575940632211015,central,,AVLP506,left,ACH,0.81,387.0,203.2,131.8
720575940632381536,central,,PVLP024,right,GABA,0.75,610.0,232.7,136.5
720575940632409500,central,,AOTUv3B_P02,right,ACH,0.91,633.3,169.8,66.8
720575940632472850,descending,,DNpe056,right,ACH,0.9,612.0,185.3,200.9
720575940632475449,visual_projection,,LC4,right,ACH,0.68,677.0,283.0,125.0
720575940632481849,visual_projection,,LPLC1,left,ACH,0.58,371.5,204.6,203.0
720575940632492319,central,,PVLP128,left,ACH,0.82,421.3,219.4,148.2
720575940632496865,visual_projection,,LC16,left,ACH,0.44,370.0,290.8,145.1
720575940632499757,descending,,DNp01,right,GLUT,0.27,635.0,185.7,191.0
720575940632512226,visual_projection,,LPLC2,right,ACH,0.53,696.8,187.5,183.5
720575940632548665,visual_projection,,LPLC4,right,ACH,0.73,703.6,190.7,175.9
720575940632648602,central,,"LAL028, LAL029",left,ACH,0.74,438.7,156.4,101.9
720575940632679341,central,,CB3114,right,ACH,0.68,581.0,202.1,150.5
720575940632711052,visual_projection,,LPLC2,right,ACH,0.62,666.4,215.0,192.5
720575940632715234,visual_projection,,LC4,right,ACH,0.59,671.6,289.1,121.5
720575940632736825,central,,CL038,left,GLUT,0.51,475.6,153.2,142.2
720575940632769180,visual_projection,,LC4,left,ACH,0.61,353.5,263.6,149.0
720575940632772456,visual_projection,,LPLC1,right,ACH,0.66,671.5,218.0,186.0
720575940632777124,visual_projection,,LPLC2,left,ACH,0.51,359.5,257.8,197.7
720575940632779932,visual_projection,,LPLC2,left,ACH,0.73,378.5,194.2,219.4
720575940632804435,central,,VES005,left,ACH,0.91,483.0,261.1,147.2
720575940632807193,central,,AVLP370a,right,ACH,0.86,672.6,306.6,92.2
720575940632871322,central,,"LAL028, LAL029",right,ACH,0.82,616.6,149.2,46.0
720575940632900665,descending,,DNpe022,right,ACH,0.93,615.2,189.1,205.0
720575940632912409,visual_projection,,LPLC1,right,ACH,0.64,677.5,225.2,176.7
720575940632946477,visual_projection,,LPLC1,left,ACH,0.65,370.4,203.9,203.0
720575940633011256,descending,,DNpe023,right,ACH,0.89,554.6,231.8,104.1
720575940633013355,visual_projection,,LC4,right,ACH,0.57,672.0,292.6,123.9
720575940633095137,descending,,DNp71,right,ACH,0.89,626.8,194.7,194.6
720575940633176749,visual_projection,,LPLC4,left,ACH,0.8,365.7,186.4,212.1
720575940633203783,central,,CL038,right,GLUT,0.73,552.9,119.7,77.5
720575940633208647,central,,PS065,left,GABA,0.79,457.6,259.0,135.5
720575940633218863,visual_projection,,LC4,right,ACH,0.58,669.8,287.5,125.9
720575940633246399,visual_projection,,LC16,left,ACH,0.58,403.1,293.2,163.8
720575940633307327,central,,CL128a,left,GABA,0.75,404.8,214.0,185.6
720575940633308371,central,,PS100,left,GLUT,0.39,485.6,260.2,157.5
720575940633318044,central,,CB1932,right,ACH,0.64,650.0,225.9,152.4
720575940633350812,central,,AVLP531,right,GABA,0.79,664.7,213.3,197.6
720575940633360610,visual_projection,,LC16,left,ACH,0.54,376.9,272.8,155.3
720575940633529548,descending,,DNg74_a,left,GABA,0.58,500.1,363.1,135.8
720575940633552685,visual_projection,,LPLC2,right,ACH,0.54,695.3,196.8,168.5
720575940633556644,central,,AOTU019,left,GABA,0.78,453.8,144.1,46.0
720575940633560089,central,,VES023,right,GABA,0.81,589.1,298.1,50.4
720575940633572004,visual_projection,bilateral,LPT50,right,GABA,0.76,656.3,226.5,207.0
720575940633573836,central,,cL16,right,DA,0.74,658.1,272.2,155.4
720575940633580384,visual_projection,,LC4,left,ACH,0.51,332.1,216.5,162.6
720575940633588320,visual_projection,,LPLC2,right,ACH,0.55,680.1,207.5,195.0
720575940633631396,central,,OA-VUMa1,center,OCT,0.82,456.5,261.5,157.1
720575940633665903,central,,CB2997,right,ACH,0.76,581.4,199.7,150.5
720575940633746515,central,,PVLP015,left,GLUT,0.69,439.9,225.0,129.2
720575940633995949,central,,PLP029,right,GLUT,0.7,690.0,224.1,63.7
720575940634062803,visual_projection,,LT51,left,GLUT,0.68,331.6,191.6,168.4
720575940634146967,visual_projection,,LPLC2,right,ACH,0.44,703.0,187.7,184.8
720575940634188907,visual_projection,,LC16,left,ACH,0.51,362.9,275.8,152.6
720575940634223514,visual_projection,,LPLC4,left,ACH,0.73,373.1,205.6,203.0
720575940634356587,visual_projection,,LT82a,right,ACH,0.81,710.1,180.6,162.2
720575940634361336,visual_projection,,LPLC1,left,ACH,0.69,394.5,218.3,219.1
720575940634388927,central,,PS090b,right,GABA,0.5,565.4,293.4,31.2
720575940634458719,descending,,DNpe056,left,ACH,0.91,443.9,188.6,213.9
720575940634502812,visual_projection,,LPLC1,right,ACH,0.67,692.3,219.5,198.0
720575940634517856,visual_projection,,LC4,left,ACH,0.66,333.8,213.0,163.4
720575940634553230,central,,"LAL028, LAL029",right,ACH,0.84,616.7,150.1,46.0
720575940634601067,central,,PS058,left,ACH,0.87,345.2,180.3,135.3
720575940634612194,optic,LOP,LPi15,right,GABA,0.86,683.0,260.6,233.7
720575940634645867,central,,PS233,left,ACH,0.83,470.0,214.9,115.2
720575940634646753,central,,AVLP258,left,ACH,0.88,384.8,242.0,139.9
720575940634676916,central,,CB0766,right,ACH,0.91,688.6,276.6,101.2
720575940634700980,visual_projection,,LPLC2,left,ACH,0.53,391.6,217.1,223.1
720575940634780517,visual_projection,,LC16,left,ACH,0.53,382.0,293.9,154.7
720575940634790648,central,,PLP060,right,GABA,0.76,659.9,303.0,77.7
720575940634821733,visual_projection,,LC16,right,ACH,0.67,671.5,300.1,125.1
720575940634823449,central,,PVLP021,right,GABA,0.77,610.7,207.0,109.3
720575940634839964,visual_projection,,LPLC4,left,ACH,0.8,371.1,205.0,203.0
720575940634857583,visual_projection,,LPLC1,right,ACH,0.62,678.0,224.5,176.8
720575940634874266,central,,LAL054,left,GLUT,0.64,460.2,232.7,108.6
720575940634895514,visual_projection,,LCe06,left,ACH,0.71,358.0,196.5,181.7
720575940634916453,visual_projection,,LC16,left,ACH,0.59,389.7,296.0,157.4
720575940635004271,visual_projection,,LPLC2,left,ACH,0.45,375.3,187.3,224.0
720575940635028591,central,,PVLP137,left,ACH,0.88,435.4,192.0,172.9
720575940635040357,visual_projection,,LPLC2,right,ACH,0.47,676.7,224.3,176.8
720575940635047672,central,,PVLP122a,right,ACH,0.87,633.9,230.5,127.7
720575940635089945,central,,cML01,left,GLUT,0.66,395.0,251.4,175.6
720575940635119723,central,,LHAD1g1,left,GABA,0.69,381.8,181.2,133.8
720575940635202204,central,,VES041,right,GABA,0.86,436.4,156.5,100.9
720575940635211768,central,,CB0626,left,GABA,0.86,503.7,280.9,114.5
720575940635234478,visual_projection,,LPLC2,left,ACH,0.45,348.9,182.1,195.5
720575940635283575,visual_projection,,"LT53,PLP098",left,ACH,0.82,373.2,202.2,188.2
720575940635307639,visual_projection,,LPLC2,left,ACH,0.52,329.7,168.2,203.6
720575940635497311,visual_projection,,LPLC4,left,ACH,0.71,375.5,197.9,216.4
720575940635516084,visual_projection,,LPLC2,left,ACH,0.53,380.0,197.1,218.9
720575940635559322,visual_projection,,LC16,left,ACH,0.52,408.7,290.1,186.5
720575940635572592,visual_projection,,LPLC2,right,ACH,0.56,676.9,225.0,176.7
720575940635631211,visual_projection,,LPLC1,left,ACH,0.5,369.4,201.7,203.0
720575940635714399,visual_projection,,LPLC1,right,ACH,0.68,677.3,225.5,176.7
720575940635835967,visual_projection,,LC4,right,ACH,0.66,666.3,278.8,140.9
720575940635872101,descending,,DNp09,left,ACH,0.88,448.7,309.6,163.9
720575940635917966,central,,CL128a,right,GABA,0.63,654.7,205.7,183.9
720575940635926335,central,,CB1883,left,ACH,0.88,341.9,184.3,137.0
720575940635967886,central,,AVLP340,right,ACH,0.86,670.2,316.3,92.4
720575940635970190,central,,LAL046,right,GABA,0.68,653.2,309.7,86.2
720575940636087006,visual_projection,,LC16,right,ACH,0.66,677.8,301.1,122.4
720575940636217012,visual_projection,,LTe76,right,ACH,0.89,619.1,219.7,202.9
720575940636229342,visual_projection,,LPLC1,right,ACH,0.57,678.3,223.6,176.8
720575940636280809,visual_projection,,LCe07,left,ACH,0.81,359.2,198.3,181.7
720575940636295019,visual_projection,,LPLC2,left,ACH,0.51,352.2,181.4,195.7
720575940636348852,visual_projection,,"LT53,PLP098",right,ACH,0.76,709.2,186.9,152.5
720575940636418740,visual_projection,,LPLC4,left,ACH,0.73,323.0,236.1,193.3
720575940636471220,visual_projection,,LC16,right,ACH,0.61,677.6,305.4,115.0
720575940636523866,visual_projection,,LPLC4,right,ACH,0.75,677.0,216.3,179.7
720575940636529520,visual_projection,,LPLC2,left,ACH,0.55,362.8,180.7,218.0
720575940636536286,visual_projection,,LPLC1,right,ACH,0.61,678.1,224.1,176.8
720575940636539102,visual_projection,,LPLC2,right,ACH,0.5,690.4,239.9,196.8
720575940636574644,central,,CB2700,left,GABA,0.89,387.5,303.6,148.3
720575940636700272,central,,CB3707,right,GABA,0.74,571.5,281.2,118.3
720575940636703977,visual_projection,,LPLC1,left,ACH,0.58,371.3,206.1,203.0
720575940636704357,central,,AVLP396,right,ACH,0.71,696.4,257.5,58.4
720575940636789360,central,,CB1717,right,ACH,0.91,645.7,226.8,169.5
720575940636795620,visual_projection,,LPLC1,right,ACH,0.57,678.1,223.0,176.8
720575940636832879,central,,AVLP536,left,GLUT,0.74,382.0,201.0,205.5
720575940636878682,visual_projection,,LPLC2,right,ACH,0.48,676.9,224.5,176.8
720575940636950505,visual_projection,,LPLC2,right,ACH,0.45,703.2,186.5,192.4
720575940636957006,visual_projection,,LC4,right,ACH,0.67,670.5,277.2,131.6
720575940636983518,visual_projection,,LPLC1,left,ACH,0.66,385.9,211.2,219.7
720575940636999401,visual_projection,,LPLC2,right,ACH,0.47,679.7,220.5,176.7
720575940637064926,visual_projection,,LC31b,right,ACH,0.88,662.0,284.9,138.8
720575940637073897,visual_projection,,LC16,left,ACH,0.57,363.9,272.9,152.5
720575940637074291,central,,PLP173,right,GABA,0.71,651.4,204.3,182.4
720575940637088602,visual_projection,,LPLC2,right,ACH,0.41,676.4,205.8,195.4
720575940637106032,visual_projection,,LT51,left,GLUT,0.72,333.5,176.9,166.4
720575940637210334,central,,LAL081,right,ACH,0.9,593.8,265.9,129.4
720575940637274852,central,,VES046,left,GLUT,0.82,525.5,119.0,134.6
720575940637334756,central,,"PS230,PLP242",right,ACH,0.81,608.7,228.3,181.6
720575940637368286,visual_projection,,LPLC1,right,ACH,0.68,674.8,217.1,183.8
720575940637416078,visual_projection,,LC33,right,GLUT,0.78,708.9,205.5,129.0
720575940637448681,visual_projection,,LC16,right,ACH,0.66,662.8,311.9,125.4
720575940637603982,visual_projection,,LPLC1,right,ACH,0.66,675.6,235.3,169.0
720575940637607646,descending,,DNa13,right,ACH,0.76,606.9,169.1,83.4
720575940637635305,central,,CB0172,right,GABA,0.63,636.6,337.1,162.8
720575940637645894,visual_projection,,LC16,right,ACH,0.57,668.9,315.9,115.9
720575940637662790,visual_projection,,LC16,left,ACH,0.69,391.1,293.2,154.2
720575940637702222,visual_projection,,LPLC2,right,ACH,0.63,673.2,209.6,191.2
720575940637792880,optic,ME.LO,LMa2,right,GABA,0.82,692.6,302.9,116.0
720575940637905478,visual_projection,,LPLC1,left,ACH,0.61,370.4,205.4,203.0
720575940637952624,optic,ME.LO,LMa2,right,GABA,0.71,713.3,263.8,114.7
720575940637952846,visual_projection,,LC16,left,ACH,0.54,385.4,296.4,153.3
720575940637958709,visual_projection,,LPLC2,right,ACH,0.61,676.8,224.7,176.8
720575940638051696,optic,LO,Li24,left,GABA,0.7,320.6,223.4,149.6
720575940638065571,visual_projection,,LPLC1,right,ACH,0.66,667.1,218.5,192.6
720575940638235957,central,,CB1932,left,ACH,0.66,415.9,220.6,196.6
720575940638360798,central,,PVLP020,left,GABA,0.83,435.5,197.8,108.6
720575940638456227,visual_projection,,LC4,left,ACH,0.56,334.8,245.3,145.8
720575940638496720,visual_projection,,LC4,left,ACH,0.62,374.6,265.3,162.2
720575940638540672,visual_projection,,LC16,right,ACH,0.65,668.5,298.4,126.5
720575940638603709,central,,PVLP022,right,GABA,0.73,603.5,229.2,136.3
720575940638626118,visual_projection,,LPLC2,left,ACH,0.63,383.0,195.7,226.7
720575940638644096,visual_projection,,LPLC1,right,ACH,0.64,677.6,223.7,176.8
720575940638835288,visual_projection,,LPLC2,left,ACH,0.51,381.3,210.2,213.0
720575940638857048,visual_projection,,LPLC2,right,ACH,0.55,683.9,228.8,197.3
720575940638870360,central,,CB3978,left,GABA,0.75,476.4,284.4,58.0
720575940638881699,visual_projection,,LC16,right,ACH,0.6,655.0,312.4,123.6
720575940638900713,central,,PVLP011,right,GABA,0.85,619.2,257.7,81.4
720575940638910040,central,,PVLP151,right,ACH,0.82,720.4,212.8,87.1
720575940638922624,visual_projection,,LPLC2,right,ACH,0.46,679.3,221.2,176.7
720575940638927960,visual_projection,,LC16,left,ACH,0.42,384.2,293.0,151.0
720575940639109795,visual_projection,,LPLC2,left,ACH,0.55,391.6,210.6,224.0
720575940639128646,visual_projection,,LC31c,right,ACH,0.81,636.5,286.4,183.8
720575940639172816,visual_projection,,LPLC1,left,ACH,0.54,370.5,204.8,203.0
720575940639177449,visual_projection,,LPLC2,right,ACH,0.68,699.4,188.8,193.0
720575940639179891,central,,PS233,right,ACH,0.84,582.3,220.6,102.1
720575940639278781,central,,CB0625,right,GABA,0.63,621.3,327.1,182.6
720575940639417432,central,,"PS230,PLP242",right,ACH,0.81,579.8,196.1,146.0
720575940639563728,visual_projection,,LT51,left,GLUT,0.71,355.7,200.0,177.8
720575940639811469,central,,CB3877,center,GABA,0.48,517.1,353.4,192.5
720575940639817947,visual_projection,,LC4,right,ACH,0.62,681.2,277.6,122.7
720575940639878352,visual_projection,,LPLC2,left,ACH,0.53,347.6,171.5,195.2
720575940639884878,visual_projection,,LPLC2,left,ACH,0.51,374.3,254.4,224.7
720575940639895003,visual_projection,,LPLC2,left,ACH,0.47,347.1,222.2,199.1
720575940639977269,visual_projection,,LPLC1,right,ACH,0.68,678.1,225.1,176.7
720575940640168637,central,,CB0540,right,GABA,0.81,557.9,302.0,48.0
720575940640172221,central,,CL323a,left,ACH,0.72,465.8,223.3,141.4
720575940640175731,optic,ME.LO,LMa2,left,GABA,0.71,347.1,285.6,139.9
720575940640218941,visual_projection,,LC16,right,ACH,0.69,663.9,315.4,119.3
720575940640228736,visual_projection,,LC16,left,ACH,0.5,380.8,295.2,146.2
720575940640231485,visual_projection,,LC16,right,ACH,0.62,654.7,316.0,127.0
720575940640254552,visual_projection,,LPLC4,right,ACH,0.82,693.8,194.9,179.8
720575940640302389,visual_projection,,LPLC2,left,ACH,0.55,356.5,182.5,194.1
720575940640325429,descending,,DNa06,right,ACH,0.84,608.1,170.5,83.4
720575940640331472,descending,,MDN,right,ACH,0.72,528.4,124.4,126.1
720575940640353333,visual_projection,,LPLC4,left,ACH,0.73,359.8,184.4,208.7
720575940640510427,visual_projection,,LPLC2,right,ACH,0.67,706.5,183.1,187.8
720575940640612480,visual_projection,,LC4,left,ACH,0.68,378.0,266.2,157.1
720575940640625280,visual_projection,,LPLC4,left,ACH,0.81,356.9,281.9,191.9
720575940640642723,visual_projection,,LPLC1,left,ACH,0.52,386.6,214.8,213.4
720575940640714192,central,,CB1852,right,ACH,0.92,711.4,204.3,92.3
720575940640748888,visual_projection,,LPT47_vCal2,left,GLUT,0.56,359.9,167.7,204.4
720575940640762275,central,,CB2127,left,ACH,0.83,341.8,183.6,137.0
720575940640763507,central,,PLP092,left,ACH,0.87,335.0,165.5,193.9
720575940640788725,central,,PS088,left,GABA,0.82,480.8,283.4,54.0
720575940640792973,visual_projection,,LPLC1,left,ACH,0.6,369.3,202.5,203.0
720575940640834211,central,,PVLP011,left,GABA,0.83,426.9,243.3,97.3
720575940640868184,optic,ME.LO,LMa2,left,GABA,0.63,329.1,243.9,143.3
720575940640926627,central,,CB3513a,left,GABA,0.74,422.5,230.1,152.6
720575940641096144,visual_projection,,LC31c,left,ACH,0.81,413.2,267.0,197.1
720575940641173632,descending,,DNp69,left,ACH,0.86,446.6,202.5,144.8
720575940641188304,visual_projection,,LCe06,right,ACH,0.72,691.4,207.4,155.7
720575940641213824,visual_projection,,LC4,right,ACH,0.64,670.4,290.9,127.5
720575940641216976,visual_projection,,LPLC4,left,ACH,0.79,372.3,206.4,203.0
720575940641227136,visual_projection,,LPLC4,right,ACH,0.74,697.5,190.5,182.9
720575940641251792,visual_projection,,LC16,right,ACH,0.56,635.4,320.5,147.0
720575940641276045,visual_projection,,LT51,right,GLUT,0.7,713.0,186.6,120.8
720575940641363957,central,,AVLP429,left,ACH,0.85,325.7,202.5,126.0
720575940641464309,central,,SAD013,left,GABA,0.74,419.0,242.7,148.6
720575940641511888,visual_projection,,LPLC4,right,ACH,0.86,679.5,219.1,176.7
720575940641552347,visual_projection,,LPLC2,left,ACH,0.57,376.6,197.6,224.4
720575940641607888,visual_projection,,LC16,left,ACH,0.44,389.8,295.9,151.2
720575940641704656,visual_projection,,LPLC2,left,ACH,0.43,350.5,237.2,209.4
720575940641706184,central,,PVLP138,right,ACH,0.87,616.3,207.9,213.2
720575940642181005,visual_projection,,LPLC4,left,ACH,0.48,372.4,205.1,203.0
720575940642397128,visual_projection,,LPLC2,right,ACH,0.76,698.0,194.4,170.7
720575940642414837,visual_projection,,LPLC2,left,ACH,0.44,390.1,209.8,220.4
720575940643118733,visual_projection,,LT51,left,GLUT,0.66,349.5,191.4,169.0
720575940643347616,descending,,DNp55,left,ACH,0.86,459.4,185.2,208.8
720575940643740872,central,,PS058,right,ACH,0.83,694.1,194.7,71.4
720575940643740964,visual_projection,,LPLC2,left,ACH,0.47,382.8,206.8,218.8
720575940643783534,central,,LAL026,left,ACH,0.82,455.7,252.6,140.6
720575940644361582,central,,AVLP286,left,ACH,0.87,337.1,235.6,99.2
720575940644438551,descending,,DNa01,right,ACH,0.74,607.8,169.1,83.4
720575940644440100,visual_projection,,LC16,right,ACH,0.58,667.5,314.9,121.1
720575940644465568,visual_projection,,LTe20,right,ACH,0.88,692.8,292.3,115.8
720575940644494752,descending,,DNbe007,left,ACH,0.84,506.4,278.8,53.9
720575940644639342,central,,CB0039,left,ACH,0.83,535.3,223.5,73.9
720575940644654752,visual_projection,,LPLC1,right,ACH,0.6,678.2,224.7,176.8
720575940644758308,descending,,DNge046,left,GABA,0.51,493.2,354.3,191.4
720575940644971299,visual_projection,,LPLC1,left,ACH,0.64,370.2,204.5,203.0
720575940645134103,visual_projection,,LPLC1,left,ACH,0.69,382.9,206.3,212.8
720575940645134359,visual_projection,,LPLC1,left,ACH,0.57,370.8,204.8,203.0
720575940645180196,visual_projection,,LPLC2,right,ACH,0.57,679.4,220.5,176.8
720575940645328436,visual_projection,,LPLC2,left,ACH,0.43,337.8,252.5,201.1
720575940645336100,visual_projection,,LPLC4,left,ACH,0.68,375.0,210.5,203.0
720575940645404695,central,,AVLP430,left,ACH,0.88,327.4,201.2,119.5
720575940645407268,visual_projection,,LPLC2,left,ACH,0.64,378.9,199.6,223.1
720575940645699124,visual_projection,,LPLC2,right,ACH,0.58,676.9,224.2,176.7
720575940645700228,visual_projection,,LC16,left,ACH,0.53,402.2,296.8,168.4
720575940645744676,visual_projection,,LPLC1,left,ACH,0.6,387.5,210.2,217.2
720575940645750324,visual_projection,,LPLC1,left,ACH,0.58,368.5,200.2,203.0
720575940645821316,visual_projection,,LC4,right,ACH,0.67,670.8,283.4,126.9
720575940646414132,visual_projection,,LPLC4,left,ACH,0.75,325.6,203.5,182.8
720575940646518382,central,,pC1d,left,ACH,0.89,502.1,117.8,66.6
720575940646708788,visual_projection,,LPLC1,left,ACH,0.62,373.3,199.6,213.4
720575940647358243,visual_projection,,LPLC2,right,ACH,0.5,706.5,190.8,166.9
720575940647369507,visual_projection,,LPLC2,left,ACH,0.45,353.4,269.2,185.4
720575940647882548,central,,CB1958,right,GLUT,0.69,608.9,203.2,196.0
720575940647935028,visual_projection,bilateral,LT66,left,ACH,0.86,315.6,154.3,199.1
720575940647952948,central,,SAD013,right,GABA,0.68,631.4,250.2,125.2
720575940647966004,visual_projection,,LC16,left,ACH,0.5,394.1,292.7,156.3
720575940647966260,central,,PVLP024,left,GABA,0.71,449.2,227.7,147.4
720575940648418425,visual_projection,,LPLC2,left,ACH,0.48,335.4,172.0,193.8
720575940648637049,visual_projection,,LC16,right,ACH,0.58,638.6,320.1,155.1
720575940649229433,visual_projection,,LC4,left,ACH,0.63,378.8,263.7,165.8
720575940650416505,visual_projection,,LT83,right,ACH,0.84,696.8,229.9,56.9
720575940650734070,central,,CB1717,right,ACH,0.87,636.9,235.6,206.9
720575940650935673,optic,LO,Li32,right,GABA,0.66,669.5,286.0,134.9
720575940650937078,visual_projection,,LC16,left,ACH,0.43,357.9,284.0,147.8
720575940651421686,visual_projection,,LPLC4,right,ACH,0.76,679.8,218.7,176.8
720575940652258550,central,,AVLP187,right,ACH,0.74,685.2,223.7,63.7
720575940652283126,central,,CB3705,right,ACH,0.82,685.2,240.5,36.4
720575940652554657,central,,PLP163,right,ACH,0.83,641.1,236.0,156.6
720575940652611745,visual_projection,,LC4,right,ACH,0.66,672.6,278.8,132.2
720575940652922529,central,,AOTU015a,right,ACH,0.8,616.1,149.1,46.0
720575940653213174,optic,ME.LO,LMa2,right,GABA,0.73,718.0,242.9,127.8
720575940653576694,central,,PS029,right,ACH,0.85,608.6,167.0,83.4
720575940653666465,visual_projection,,LPLC2,left,ACH,0.48,391.0,208.5,226.2
720575940653703841,central,,PVLP112b,right,GABA,0.82,671.6,211.5,181.0
720575940653742753,visual_projection,,LPLC2,right,ACH,0.43,679.3,221.5,176.8
720575940655000737,visual_projection,,LT51,left,GLUT,0.68,324.7,163.2,173.2
720575940655750305,visual_projection,,LPLC2,left,ACH,0.54,345.4,263.1,198.6
720575940660051073,central,,CL140,right,GABA,0.76,664.5,175.8,192.2
720575940661316993,visual_projection,,LPLC2,right,ACH,0.5,698.6,191.7,171.8
